,0,1,2,3,4,5,6,7,8,9,10,11,12,13,14,15,16,17,18,19,20,21,22,23,24,25,26,27,28,29,30,31
statlog-image,0.1829552023808562,0.5580284938264498,0.5695460169611448,0.1357291518742585,0.1950648964689888,0.14487704392825457,0.17151555474861555,0.4266156352096265,0.859933839285527,0.8493319859403569,0.24321791824555097,0.8743985525767696,0.23981846829887107,0.7125806724206115,0.8279468770544102,0.45881184432477884,0.8087265232963973,0.6773707048082687,0.16095810659363882,0.8262970253149865,0.16424342113969817,0.8343695327879473,0.1763642651896571,0.157785323221176,0.7885414554294493,0.1662447335411604,0.49079372646239816,0.7885242983812067,0.639308290305491,0.5719340166027858,0.12134218154767062,0.3660229260294406
hepatitis,0.7398659312835447,0.5963094960169167,0.38538903363696425,0.60034443789676,0.8039653437955545,0.45025086311284085,0.730957674530827,0.3983824677423881,0.3475653318562747,0.3583475765101792,0.5913260983087681,0.4944516860121506,0.641280337378435,0.3532605152580141,0.564981812024747,0.4125525069946665,0.3521216812861483,0.40688477223902575,0.7663491564851415,0.5327851553284051,0.6863634449611098,0.3215472701155427,0.7588922371030881,0.6505187892639736,0.3615011244083865,0.7348566388567968,0.5997824553679729,0.1782528404194955,0.3750822111506609,0.3872189600538378,0.5393531755731964,0.6186196012122978
statlog-landsat,0.20791760267529305,0.6223353603111476,0.4914582605679726,0.10747772717077082,0.23797374689263065,0.10523596604876884,0.19688643914470738,0.347429941758028,0.7465144070072992,0.8522370807617232,0.19754254823188722,0.9007961380071902,0.342557051759683,0.6259920134827999,0.8857377553242095,0.38928548561408055,0.7103048779867536,0.6238925637118853,0.25139571649481707,0.8658304606835335,0.16928128876242957,0.8253409428544113,0.21593653942838445,0.15706491803131575,0.6811830162275332,0.18258922237469002,0.5683158912893684,0.6901876453899995,0.5480449400085023,0.4953341167336232,0.10881284409329826,0.45295480455349885
echocardiogram,0.8171086781732793,0.32513676165668015,0.6579696844149249,0.7757314360862297,0.8103143337134163,0.7078847621260184,0.8064562549999376,0.6803617592547354,0.6225305242281073,0.22553651667188812,0.8062379424733389,0.2787384903162849,0.3572833203727829,0.627603447519251,0.2986563255741859,0.6856574644752513,0.6258920969351478,0.6570186074013892,0.5602139632122126,0.2730655752123424,0.7929459747228357,0.21026155953335474,0.7896253797200701,0.7790920474488205,0.6426566523567198,0.807972498757238,0.32303753679451147,0.3326865017937989,0.6535150815671027,0.6611545082298202,0.7282556263329131,0.3409746639728581
energy-y1,0.6287997467684842,0.5855737970890099,0.4343493145248621,0.472887223535021,0.6811065884235857,0.38328972877173767,0.6206291198660253,0.41544612851486623,0.4385878729351273,0.4688312274006031,0.4931449727535491,0.5799041550253541,0.5669141095748369,0.43517242623871977,0.6530835452851893,0.4126849835520806,0.45072025911221114,0.4892154699368544,0.6366953663032288,0.5866181023688367,0.5674588930262217,0.43618552544353784,0.6417622328272762,0.5373922561645589,0.43175290001112854,0.6007195299716176,0.5813485693768763,0.2624203172623202,0.4274597710454396,0.4271313943767173,0.44511734551603493,0.5716503662585251
ilpd-indian-liver,0.7282807564671137,0.22417094875309362,0.7989307601798278,0.7414400025522209,0.68800811913731,0.7334227993198322,0.716863836809812,0.816008798144739,0.8252451714524787,0.2790858023035887,0.8422255210361861,0.2819641232713584,0.173152202330379,0.8016901977943883,0.26726632377207843,0.784201202132476,0.8208414161789832,0.7739496551312844,0.36407488241212027,0.2398996606461327,0.7274479688637306,0.2838956209194144,0.673112810641571,0.724189631325178,0.8318227889377223,0.7105569971734608,0.20545630895847447,0.4925635573877018,0.8122292846349622,0.7937531870284485,0.694909278027938,0.19293934450686184
dermatology,0.3577807350088378,0.787375964976455,0.2815049948676254,0.19047549264810576,0.44475590020119715,0.07398916368064012,0.3430456990519577,0.20317467082319404,0.42526679960047,0.7470760664746224,0.10637340140080316,0.8819197548189324,0.6201423408483098,0.3613140895297807,0.9183071947053735,0.2167946734124744,0.401933304782705,0.3233611291938671,0.5815635712787923,0.9131027096425496,0.3016780018888695,0.713369923968337,0.3947763707739993,0.26217127482961317,0.38522156386154194,0.34453900893723005,0.7489420822082169,0.40036720445246826,0.32120005581748573,0.2853873106275945,0.1420232049939147,0.6840331546687095
plant-margin,0.010966934450267968,0.5849056850643579,0.5585024907970239,0.0,0.019524438758802158,0.025243428220109245,0.010342378443541803,0.33394769968638943,0.9451761777707904,1.0,0.004595537367312324,1.0,0.1908857643145189,0.7728212295097194,0.8987969343396496,0.43080984555566665,0.8733389688611657,0.6675753224874366,0.045230993722625054,0.9619014406053968,0.0011791598741555669,0.9966976012012999,0.017605990051397194,0.0,0.8678904737753392,0.008564453641266758,0.5200260542115591,0.9563228659164337,0.6481642286396924,0.5709600012694946,0.0,0.3524156567093714
led-display,0.5447782661310927,1.0,0.0,0.2881463278114663,0.7024740879460646,0.02582157772486122,0.5352999569128062,0.0,0.0,0.6271905175715027,0.12664561607068506,0.8654923155830446,1.0,0.0,0.9850094295507528,0.0,0.0,0.0,1.0,0.9755806347164934,0.4675921004349212,0.5709638165373306,0.6155216931664496,0.3927925851708797,0.0,0.5470359681142468,1.0,0.017999299884772953,0.0,0.0,0.1867758732167246,1.0
seeds,0.5655834644947005,0.36449824962649546,0.6907350473147642,0.4795288965111568,0.5569205590352005,0.520213350904682,0.560502672686993,0.6450862299263737,0.7415596400873028,0.4798954627711057,0.5199455265100132,0.4965587929992525,0.27171784643030306,0.743044893144523,0.5154964614855718,0.6218687716479204,0.7661923939362808,0.729715342059076,0.34679406237164284,0.44876987113283584,0.5368475610122897,0.47238448225383,0.538798328828246,0.5234409019732195,0.731752932591209,0.5169139554185366,0.353294175702733,0.47386810386751976,0.7042218347001834,0.6792212207138976,0.49513505521776846,0.30876507051012164
steel-plates,0.2310882284194086,0.6406864596847738,0.4672922086993537,0.13254939146906455,0.2682681749916274,0.10839318044203032,0.21940894130814168,0.33548144998913765,0.7087624691682967,0.8304829512382037,0.18025509017674962,0.8902781584611256,0.3734603627972699,0.5938649505206046,0.8764666831448078,0.37049685089050266,0.6715963293793089,0.5699236588233684,0.2966542606119675,0.8675178890715254,0.1944864885675271,0.8063051376447912,0.24134057718398877,0.17779417374920475,0.6480069066046852,0.21139654066031155,0.5861564344693124,0.6567798931934807,0.5244296821556461,0.4709141511397614,0.11856969148618073,0.47892648271937177
magic,0.8323092060161846,0.14513305698447557,0.8491280390104796,0.8406629221857445,0.7753576146590545,0.8543464773444874,0.8217020586704776,0.8621970830158594,0.8201466584952971,0.17813273634762755,0.9031371121221378,0.16565861618733133,0.15505007302242113,0.833634968071977,0.15922936755704098,0.8601285437308215,0.83485156894519,0.8468513016019708,0.3853823638207089,0.12311614581016395,0.8221398605605249,0.1778849652906741,0.7719282842253667,0.8238985752975766,0.8428608270658181,0.8083286370614523,0.14186500051489875,0.4455169808699248,0.8472067328947694,0.8498943478427072,0.8215765677909809,0.1500097340517506
balloons,0.8915660999602503,0.551182513797661,0.3765376829181537,0.6094581982562848,0.964955947361495,0.5907778128278461,0.8971872439143819,0.2635915432199505,0.20315400003157552,0.24319154146169905,0.37833700924837427,0.3586493299780696,0.7462696017743687,0.37689963127933357,0.4928893391972927,0.44246409131084574,0.2815551411984551,0.4892976908018203,0.8692326649666263,0.4185984702856582,0.7731848866377522,0.18300629223130538,0.9584567265335812,0.7534206400306925,0.2519977058038297,0.8472851787331078,0.6161875460903306,0.0,0.32855740870900374,0.39772081011856975,0.7316626546388173,0.6575467928776606
statlog-german-credit,0.7488097985816131,0.4970974771780416,0.49312028434671634,0.6566725109679066,0.7849419063227523,0.53279605071686,0.7381421286319592,0.5147937519035447,0.4715577709472035,0.32393029245031635,0.6749108076622463,0.42837911768672826,0.5192019815146146,0.46397204006456905,0.4743456821572288,0.5139533543068895,0.46828564327244465,0.49645218675269903,0.6710569283194967,0.4473742086436693,0.7103914820407009,0.2986227552134109,0.747220329127136,0.6830833343224866,0.4827605064824818,0.7443770110648136,0.49268571941001615,0.2593502926011608,0.4888273341090233,0.49360162203013663,0.5899235914242767,0.5066997210409171
oocytes_trisopterus_nucleus_2f,0.8146305421792152,0.16832550124756976,0.8299333603086202,0.8184117139668264,0.7630626726010041,0.8255264114040438,0.8036593226095501,0.8439146338801335,0.8085942023977325,0.19822891555995348,0.8862022114926434,0.19203185200767234,0.17039445606861997,0.8164604001356056,0.18699140504592138,0.8372370776683123,0.8204350274842185,0.8269432651698456,0.3916476439621991,0.15087071508286581,0.8039324578764054,0.19752798915055453,0.7569275520290141,0.8041319152877116,0.8283255500297154,0.7912269200960943,0.1631829230617182,0.44494631107107113,0.829711104258163,0.8298687256472308,0.7949389519174839,0.16841916348001498
yeast,0.2167383550334621,0.549184719778557,0.5724056928135949,0.18933259016974385,0.2314825043882054,0.17958269537695076,0.2051134024075763,0.4500001559217522,0.846887561562663,0.8069892852217597,0.24119217765577222,0.8356990444301263,0.24294134273701212,0.7084133784118446,0.780096230731088,0.4658507380657739,0.7959140049648256,0.6233066866865509,0.19234532550382746,0.8001872258928859,0.21020754513134862,0.8014718313834244,0.2065604542726873,0.19868067359658517,0.785340322908623,0.20812965408901632,0.48057165141438146,0.7660968415616377,0.6475062878531892,0.5738423482988091,0.1522768273407316,0.3646717698683163
statlog-heart,0.8232116742837582,0.4318196202206318,0.5364752487122482,0.7272070004778795,0.8491189298232951,0.6322431427563379,0.8171361603331646,0.5416757014659764,0.47458129550508793,0.24711046037613582,0.7086136960166037,0.33497677494301936,0.5011600854991336,0.5036400602807781,0.38387988019967784,0.5777443712843504,0.487406426332767,0.5547413156986227,0.680311976018277,0.35526013754129776,0.7810472518151795,0.2180301911269955,0.8236126838199743,0.7586360896997731,0.5005119494193324,0.8157402317022487,0.4416958615289238,0.23174113227774917,0.5229807700263679,0.5427703239506888,0.6935937704127048,0.46826988010858045
acute-nephritis,0.9112175514310897,0.5026168780155369,0.4262497186431175,0.6860331163699711,0.9780708560267124,0.6510726832051961,0.9205423576809428,0.3552758203822995,0.2608226027063779,0.19627856658954498,0.5245982516571503,0.2997714906349121,0.6903208120296364,0.4229591826202453,0.40813189209096634,0.4959934386051817,0.32735241749563526,0.4723367131402389,0.8493648408901887,0.36220388385520713,0.8295682910543382,0.14957954991807354,0.9654925207104221,0.8055996318586913,0.3215426332924392,0.8833171549640167,0.5629974040820052,0.03252207734905927,0.38896362403971463,0.4441107204288885,0.7688296160780004,0.6052303746514408
plant-shape,0.054773041492601426,0.5918009361119744,0.5468788618027002,0.03290476122846065,0.06703962834343193,0.04654700110162397,0.052158665131149216,0.3408405845610438,0.9066791783865135,0.9637977072766551,0.045175522283983006,0.9740291354590945,0.21839756171517938,0.7429824308474782,0.8895228872204349,0.4241706144939016,0.8396868653885345,0.6473351581584081,0.09032297889818837,0.9385644229925308,0.041705911439691545,0.9573039112041983,0.06070626094705108,0.03756813468351292,0.8318279086646306,0.05082162817604324,0.5264952446182738,0.9031373265888433,0.6305120046729255,0.5559594616797779,0.02586803347219657,0.3711364083260962
waveform,0.5399771471919435,0.38895267496211694,0.6716376931073772,0.4456444277054203,0.5369261709249801,0.48628857416046933,0.5346205801289375,0.6216142890851656,0.7327643036415332,0.5086883738065864,0.4918190262472637,0.5292128474591828,0.2837800935846659,0.7314897011458767,0.549096893991398,0.5972954867510911,0.7565228861091022,0.7125234970881817,0.3463701255710543,0.482784655911382,0.510545666728827,0.49922416122736374,0.5173778328372737,0.49614006429332513,0.7197764485208434,0.49057602151488044,0.375083282246644,0.4770213303132075,0.6884962755916797,0.6608160854121169,0.46279183677382096,0.3250949715493555
semeion,0.4466880949451835,0.9564186623516518,0.07654576012759273,0.21059840234645893,0.5822126012687326,0.0,0.43262713409414316,0.039574853355592104,0.14159514602091197,0.7060991407030299,0.0,0.912840910430825,0.8757926190239108,0.11946140719031591,1.0,0.04381296424614027,0.12570936613196967,0.08180331445711328,0.8525265706591441,1.0,0.3718239477372667,0.658830175091493,0.510270599197112,0.30743557100723057,0.11854364620713646,0.44279398087347943,0.9373900225103966,0.16666920464844154,0.09513512930268173,0.0802237396899238,0.1299006622150302,0.9079836948004255
cardiotocography-10clases,0.1911770455693671,0.6258316587230545,0.49182291084628577,0.11770951575615718,0.21990110610858146,0.09808300460647386,0.1804357677523677,0.3427094626832471,0.7636243807852396,0.8587402333093892,0.15234009180237687,0.9058377784704473,0.3281966827205212,0.6313130620316534,0.8750452165640211,0.38870613422969574,0.7165661799835684,0.5908076731448257,0.24295649974907776,0.879965765887912,0.16043323207228238,0.8395224453749277,0.19758144586353069,0.14721362949724565,0.6970790235898865,0.17751630844403268,0.5638571377723348,0.7229707364739474,0.5555580216726594,0.4956836367223549,0.10006411624839939,0.4474213973576691
statlog-vehicle,0.3831933807201602,0.47655344363487046,0.6130983664364001,0.27134786572697667,0.3967779269846258,0.3277566829745647,0.37723257363749896,0.5197852229836978,0.7505991350286457,0.6695481868510225,0.36406348125658994,0.6901031919380041,0.2913745668040248,0.7217618975859388,0.6982061718000512,0.5126257405095493,0.7681405504710349,0.6802696946826794,0.28025797473185876,0.6447473999563655,0.3547080276953988,0.6541098290513229,0.3739810854851632,0.34161734454421583,0.7227352783299973,0.3325605380266381,0.448887896912475,0.5574319477936425,0.6528634862179337,0.6082441510683251,0.30287611823984983,0.36241581440798776
image-segmentation,0.19132774777312006,0.553769242286123,0.5726984351243378,0.1486337171009286,0.2035553166853458,0.15461456523059114,0.17970298804619003,0.4353423677861504,0.8596190774176189,0.8387650575306825,0.2486076325757626,0.8642649505838799,0.2381457569823852,0.7137213751374352,0.8157802808282676,0.4627768444466824,0.8083705559607579,0.6690940605414513,0.16601217463557388,0.8178380801225827,0.17543328139944778,0.8258214012308368,0.18353651536117524,0.16813865767724126,0.790133690497894,0.176014285024733,0.4860923399684981,0.7844371726484086,0.6436272129922357,0.5748467377071022,0.12948604811016837,0.3632165884430361
hill-valley,0.8481285332653214,0.0,1.0,0.8904212757112896,0.7535202858907389,0.9767840985257816,0.8396675380042095,1.0,0.9705756719658021,0.13705764533977222,0.9834324138967451,0.0704805052550666,0.0,1.0,0.04434798244119922,1.0,1.0,1.0,0.24982082033891392,0.0,0.849680877301684,0.1472999044286852,0.7649146178542445,0.8638185064172508,1.0,0.8111772211067488,0.0,0.5270239730459317,1.0,1.0,0.9034050066223959,0.0
energy-y2,0.6308082584262252,0.588208600334841,0.43101547572524956,0.47525684858752426,0.6839991688925848,0.3825695342528851,0.6225121325730123,0.41385052925040106,0.4349673386260283,0.4670316212290171,0.4980903540945829,0.5797263656131431,0.5705888225394138,0.4305105280601214,0.6530892934739804,0.41065627391795434,0.44617928506107024,0.48513157750377367,0.6414525686344884,0.5873113671846206,0.5697250792543176,0.43409323305295083,0.6441281797516373,0.5394023683295092,0.42823341356255695,0.603642844292102,0.5838194344133304,0.2598512166549731,0.4241049355314749,0.42391730464493765,0.44545491750240856,0.5748015195447899
parkinsons,0.8420531823679717,0.11074801668261379,0.8834585534459588,0.8635211332042108,0.77641452172797,0.8876091100191028,0.8316681530604941,0.8972389376115492,0.8544832479008604,0.1609460880071284,0.9308034288144882,0.13756466728241304,0.1194226269288071,0.8687625852705246,0.12445655665137537,0.894727619858359,0.8695285450335302,0.8765860547863321,0.3597314386285118,0.09018692254328681,0.836268026973538,0.1636545768887293,0.7760445570419604,0.8406803311454102,0.8788155986536237,0.8179605914356299,0.10703362633018339,0.46454733097534506,0.8824474189668086,0.8843983700082565,0.8462346544082595,0.1150655070282648
balance-scale,0.5443618204812578,0.4121145397916748,0.6456740551123468,0.45064691327398115,0.5476079464869872,0.4724551795778283,0.5387946025579308,0.6009035145802429,0.7057713481909913,0.5066993855929153,0.4851149984805088,0.5372028290082713,0.3107189675923673,0.7003784163064151,0.5583728067508342,0.5763481950581731,0.7247936776294979,0.6786666012656466,0.3757591398119694,0.49834480250692526,0.515377515234274,0.4965049628270124,0.5248330498387137,0.4982223569887184,0.6928350026978634,0.5005075917664064,0.39710474107514976,0.4622067323056175,0.6625430175925711,0.6349514153855432,0.45650071410285864,0.3507074318054667
mammographic,0.7768887313577607,0.3117126520163267,0.6849991884349195,0.7198203915365565,0.7620795648998342,0.6887730548889957,0.7665546658789401,0.6892906703699815,0.6573555962308509,0.2694773584647835,0.7650976541740299,0.30688541222531013,0.32490397225385836,0.6696379430885901,0.3341354073605253,0.6915755026373407,0.6733453096776797,0.7056151514526688,0.5017552931234749,0.2870946849358345,0.7450693166984486,0.25526905214056106,0.7447229403889117,0.7345906328603706,0.6730081621013518,0.7519770207603427,0.31108631842016704,0.3558523692274384,0.6784536007086316,0.684261026838958,0.6970268225169579,0.3177485884927182
conn-bench-sonar-mines-rocks,0.864211850142765,0.13686887161329503,0.8472188598589239,0.8760567447033462,0.8080964013814811,0.882457691957312,0.8552133291483404,0.8618801460674974,0.8038135978230974,0.1457965196423006,0.9308187347501873,0.13480785746794652,0.16598955103440857,0.8245029203121595,0.1292012831167526,0.8703506117185928,0.8201200550532072,0.8418383048567817,0.4105729115536522,0.09832117730719335,0.8551374724038572,0.14370610377448237,0.8061091100129627,0.8566420035355639,0.8326561873924307,0.8448770464827483,0.13665139364718887,0.4254663119442928,0.8424777328261158,0.8500629866702526,0.856539586959613,0.15263464845140676
waveform-noise,0.53409322558995,0.39132863713483423,0.6709275680087693,0.4415105712693912,0.5317203772638162,0.48159539747464414,0.5287495746957452,0.6210144061304275,0.7358723976805881,0.5134959538576458,0.49020422210046677,0.5340653455867176,0.2818770236730981,0.732458599250359,0.5522672722232288,0.5953075864589547,0.7583822033964399,0.7092996366102448,0.34323789388700104,0.4876944339140412,0.5062074508081835,0.5043725959142744,0.5116863636878415,0.4916493730807301,0.7221363633676838,0.4855081773638233,0.37615912645562516,0.48191280961135013,0.6893905629537828,0.660094387574397,0.45706408171386653,0.3247596177664656
cylinder-bands,0.7006167609552508,0.39200744074627286,0.6254068170652712,0.6602086157597419,0.7044571413386237,0.5856415844373611,0.6893667484563819,0.6446767794050234,0.6462129046624834,0.3404951682040884,0.7234181388772625,0.40064039693677966,0.35600370039407486,0.6173469785262214,0.4156091764085862,0.617934008263493,0.6357318573811346,0.6103031537934448,0.5119433473415206,0.38868940210256425,0.6818578294844109,0.33129233806096753,0.6746084162915826,0.6644878623676389,0.6474798539909739,0.691011220694271,0.3744876068414465,0.3901732933955855,0.633603322839974,0.620367878581353,0.5946350050136522,0.3687174790215486
audiology-std,0.4527701100092,0.5392666655576326,0.5418805118418175,0.46510702340879734,0.4880115772497052,0.34674879608117465,0.43994307919179865,0.5564488716982271,0.7061574862593912,0.5600230545273684,0.3932988937676869,0.6406769244202568,0.3412551576765531,0.6001563621745111,0.5902711703019925,0.4758059617185131,0.639279086461272,0.4179751203760849,0.43384058625480343,0.6442303877316544,0.4804747102029031,0.5719100371908384,0.4358572289213641,0.4446753231947349,0.6699087259741109,0.47427830734033044,0.47756990525175785,0.5663805483638644,0.608091422153951,0.532754486351761,0.326813250396379,0.42051552933633884
oocytes_trisopterus_states_5b,0.4499410809264698,0.3712704726597248,0.7169723426127929,0.37441674734877844,0.4425031952726443,0.4528321652397598,0.44548229871338163,0.6489917579761774,0.8302216879648905,0.5802642967355909,0.47131009466818985,0.5773427338462254,0.20135192564293256,0.813522607855506,0.5742800116214258,0.6150925296574087,0.8506079893609916,0.7433204618831797,0.23934045549252625,0.517477838600811,0.43729192899294383,0.5769318049421129,0.42378319029964806,0.42826344391853793,0.8082399305094815,0.3983377287094854,0.344078442200393,0.5721853667894048,0.7547811612407492,0.7062682166060903,0.4007662487742392,0.26672220076931813
heart-cleveland,0.37711029529894,0.7735760423222352,0.29230082295729254,0.192087529340868,0.4618177103628952,0.09308210951486103,0.36405789425701507,0.21224710271397404,0.4172532892394388,0.7343149091360882,0.1349665128890293,0.8647544632221604,0.6228589137655315,0.36912796973095735,0.9150537198496153,0.22715760312675667,0.40554974031474195,0.35324768787969263,0.5836228140513295,0.8900637006412976,0.3143988883341254,0.6963347069527087,0.41460712848477826,0.27639578413964816,0.3800352805035542,0.35490656456271596,0.7420231331126756,0.37384351191063425,0.3235739761706745,0.29466779023478396,0.1621159123943701,0.6800386347653996
spectf,0.9426743270154647,0.4595925496088692,0.46296038680516827,0.6924623195302884,1.0,0.7011705741605477,0.952570130385422,0.36341784638796865,0.27461741970122244,0.16865586079046793,0.5029353810068449,0.257765607891851,0.6695372726763723,0.46615489091439266,0.37750372699451307,0.5354183618341737,0.35592444188099154,0.5401298227329251,0.8310089900047357,0.3116675978327891,0.843553336501501,0.11809265538284076,1.0,0.8289723423460061,0.3369140548185916,0.9005872115971901,0.5302357751503748,0.021169041320538675,0.4164431134617865,0.4840599362842429,0.8199881943515023,0.5742939532907864
oocytes_merluccius_nucleus_4d,0.8429171719758259,0.1442956739634255,0.8454837974841889,0.8400468243003621,0.7866198750020018,0.8608162960759738,0.8339543105260968,0.8498379972994354,0.804338679353708,0.17238259921977248,0.8962212312125402,0.15848376577963205,0.16677059105959224,0.8299070077569783,0.15949338085976156,0.858991305172077,0.8272129195323259,0.8532903991857147,0.3949263608112131,0.11750540364594766,0.8271404320337832,0.16945582593583383,0.7856827550735482,0.8295190188658226,0.8308508785986618,0.8155606868028595,0.14560682693258029,0.42685320336816196,0.8389871832229097,0.8469178520871979,0.833632591652008,0.15654710925178736
pendigits,0.14355467195409485,0.6560907184877162,0.46744032102249344,0.04569442699799487,0.17277550537759687,0.03868138110143488,0.1339687853315165,0.28581106857334715,0.7587859245028589,0.9189806252884263,0.10813672898496078,0.9655130182308226,0.3436962452416823,0.6182805834351451,0.945858314003788,0.36021032191530017,0.7108589704073757,0.6248074095770062,0.22141557822450747,0.9334383465523163,0.09632140618514531,0.8892640280720232,0.15783394545306242,0.08733787180914067,0.6817483737071119,0.1237418013749681,0.5958661595549619,0.7435914901532382,0.5246172499288304,0.4727680330801488,0.05208062572149212,0.46968849778391586
credit-approval,0.830149344486319,0.38496613365119,0.5870185224522679,0.7700953351740674,0.8427623999439274,0.6737645213944556,0.8218175339423182,0.6079347540230413,0.5387419307080067,0.2238027464641443,0.7677351350281687,0.2999835799029057,0.4390959130650382,0.551129152519145,0.32997623981120916,0.6281737124493102,0.5406937667061019,0.5840012711362801,0.6391590689725856,0.3128994006718269,0.8013131613299084,0.2021462932052896,0.8178497465813409,0.7816306364755782,0.5628250764782479,0.8286005203824468,0.38747078209977714,0.27807152989886863,0.5799091266285411,0.5928829397872953,0.7178589499068612,0.412834155343185
pima,0.8634537474961227,0.1232807246204254,0.8623420777793663,0.8795929571293334,0.8033083436361099,0.8922325790660658,0.8543139756014405,0.876453944352566,0.8205413528754341,0.14384681327733276,0.9370729411767336,0.12766526864983974,0.14922698572355256,0.8411591777058343,0.11965691985623066,0.8834502965683922,0.8374311962069034,0.8560871892933919,0.39542569207800493,0.08812104703333806,0.8555521574619368,0.14326158060445304,0.8025436098741898,0.8583002327530225,0.8492919487500443,0.8429003025882674,0.12259302212266777,0.4358905636522655,0.8580879279703971,0.8648799730526877,0.861723269503439,0.13738918357751734
molec-biol-splice,0.6243039090433627,0.8158732680610714,0.1823889518246918,0.3813254068386617,0.7386029376780842,0.20143344967365545,0.6159099024038412,0.1655952416839132,0.156900510850452,0.5270278977658027,0.3553749998236885,0.7175970139093476,0.8438247472178422,0.16561348663543246,0.839997501050557,0.18445890936748707,0.171627253575356,0.25509530512457557,0.8731335118192606,0.7750582953768688,0.5337236836564664,0.47092084596422773,0.6791213829835636,0.48438372621377673,0.154758779179709,0.6051000154418017,0.822032836703903,0.08032973080332156,0.1641620545307317,0.1797431967388824,0.33714245543969895,0.8281484214717413
pittsburg-bridges-MATERIAL,0.5195409319763794,0.7861172362397689,0.2505287157684721,0.33269834206649035,0.6151696685712588,0.16588086611270272,0.5061137985737038,0.23747402603477474,0.3053205575270647,0.6022722893211016,0.27929799158332747,0.769667592097962,0.7151807374830621,0.2681850687275051,0.8458167354381989,0.21796403992889915,0.2873053462577485,0.2757237773392381,0.7392428353659735,0.8108773628783511,0.4542998490107497,0.5626983713814443,0.5583213762135428,0.4075498064832653,0.2791779636155904,0.5084150617849678,0.7637972937762245,0.2364981347589091,0.259270935526555,0.24699930586786234,0.25990717092983795,0.7410785496807162
breast-cancer-wisc-prog,0.8306838924637343,0.1622854276102007,0.8313023252006629,0.8386365478253061,0.7784105894596269,0.840829161374322,0.8199285730059563,0.8478709924211633,0.8037055122851523,0.18136539410999952,0.8992514154534118,0.17556020650398013,0.1723545772577473,0.813551708094108,0.16981853976440697,0.8442816222841337,0.8153061885351934,0.8245889138184032,0.4021987853637352,0.13722772870594493,0.821059812195841,0.18048919436510757,0.7726185472412104,0.8210424423007027,0.8259673107298633,0.8098855635035211,0.15791082855813904,0.43762580770085985,0.8300173345048445,0.8320850242886264,0.8124155762787332,0.16717831261643368
breast-cancer-wisc-diag,0.8636974207902433,0.11056289522188865,0.876600342345241,0.8886349793266276,0.799984146933571,0.9024931039088516,0.8537948637882405,0.8946557299684724,0.839293420880779,0.1391167604632914,0.9499931339751037,0.11966972022319927,0.1315324114575422,0.8554567175903083,0.10630221334513612,0.8970067908476791,0.8530251967772376,0.8655009233625125,0.38250172975324825,0.07747715236482755,0.8593319658078528,0.14053841533066844,0.7994363850364866,0.8628656455803865,0.867003038930264,0.8442260460357928,0.10798122106287515,0.4500270107008781,0.8744204407389823,0.8790698193102445,0.8666500016038279,0.12174975127578873
heart-va,0.36130243177998256,0.795518206445195,0.27116989785948076,0.17360012596209526,0.4508845921133221,0.06554566892427563,0.34632551994374566,0.19150413556460838,0.40712670109137683,0.7520335435728278,0.11899653335918212,0.890086714857124,0.6377461794768265,0.34942870637985773,0.9373534148829884,0.20699081573340275,0.38982729582486064,0.33742172528830777,0.5907658742655912,0.9172044956410604,0.2974902126482071,0.7126476602715455,0.40164598455737516,0.25879118169108906,0.3668397429133788,0.3409468702769557,0.7619049552591184,0.37955806622036314,0.30609548301021733,0.2756997257117417,0.13809198303555592,0.6967852229977057
lymphography,0.5184825136868518,0.7606597456710757,0.2788364856685837,0.349220937819702,0.6086545587088846,0.18742421600199283,0.5048794238872882,0.2681051037347418,0.34194532549921103,0.5932336914035875,0.30130599432532434,0.752934237598805,0.6810797264444274,0.29831543579871383,0.8185736988899037,0.24499221979351066,0.31977273428554087,0.29366735837210545,0.7126461180096175,0.7899665409091442,0.46062414504592847,0.5579089317398853,0.5522312558941359,0.4159382921250915,0.31498584558410303,0.510032516589489,0.7353541603456248,0.2644056263428668,0.2922447909829714,0.27495945988023685,0.2716647660383717,0.7102617838895373
acute-inflammation,0.8860112085488407,0.5275596770916492,0.4065840201411053,0.6860912926290641,0.9570310822800983,0.6180400150891918,0.8951052465420473,0.3568982381881476,0.25934677693673214,0.21702674157351062,0.545985168576238,0.3273127187328105,0.6957375656660204,0.39841043442660773,0.42540575405799413,0.47323971261655784,0.3161972936581324,0.4247887199120623,0.854359064574575,0.396312679264122,0.8190897092704994,0.1747837103095937,0.9348649038241081,0.7882856905394937,0.3202838786176049,0.8693014214606773,0.5794204212215605,0.04645439377132139,0.37637013925523466,0.42135344915071743,0.732768988677712,0.620338404483553
zoo,0.4863155001937721,0.9340290964431596,0.0961072146891968,0.24151417593713784,0.6165775409757307,0.031105974097724653,0.4699806211838977,0.0740821666055107,0.14599154459753924,0.6699906310614276,0.10178994678492048,0.8811025196608309,0.8712286775269587,0.11862535800119048,0.9812851578639206,0.06832365658995686,0.12819072769176987,0.12819586119973903,0.8608626854723503,0.9542217478171543,0.4012116676792772,0.6180589789608466,0.548831689250608,0.34212496620043076,0.11786658559501528,0.4767250179753855,0.9153741359898874,0.1480979311498088,0.10338545574328606,0.09778251802390527,0.1642284364717604,0.8941907876934233
twonorm,0.8247070553345018,0.20097992505048123,0.790563069686916,0.8121612373157121,0.7827148239182549,0.8059510855689132,0.8142339630174226,0.8029487921781333,0.7576085208058035,0.19807585108986214,0.8656594672023334,0.2044219900079369,0.21829589794564602,0.7716693395158131,0.2094923875324005,0.8045256671621055,0.772221493197864,0.7947566567630225,0.43581585844060666,0.17184588323611516,0.8075375758705944,0.19238493774423834,0.7745132763882269,0.804776572356306,0.7794584548357008,0.8023442336990262,0.1992370516840638,0.40773676804118075,0.786325644042322,0.7915939011256785,0.7897173244020395,0.20979107445370346
chess-krvkp,0.6823098622065087,0.5988424301229103,0.40714413346082606,0.6055240085537075,0.742741143576881,0.4193221410968173,0.6698598276329587,0.45248149468670656,0.428875465477159,0.38932982355232015,0.6338646732119186,0.5263816957208728,0.5794473270785421,0.37842223300847383,0.5628534694907821,0.4200860801407979,0.3969781092634582,0.36772644921851977,0.7141940920582139,0.5611618224910976,0.6569459747228356,0.367928140974468,0.6882670673717436,0.6196282922451635,0.4277514610886095,0.697160790214871,0.5779668695620321,0.2709817850691719,0.4168006383230423,0.40376140656942716,0.48442999524504965,0.5841354075678868
contrac,0.5375516315260557,0.6107832503208878,0.4343444528226524,0.4034621622821742,0.5910186641752785,0.31553939876925974,0.5284235906495989,0.41271146887645904,0.49187062061744324,0.5480634624861371,0.39600878454573085,0.6532761271644907,0.5271735074309047,0.4653680524262441,0.7007903356206081,0.387972637005802,0.48784994440765433,0.45424641524926385,0.5764561302376575,0.6594686184377182,0.49424394328579074,0.5232947058643853,0.5481646096198309,0.45999460488880134,0.47315045327502175,0.5159110124911429,0.5908576481784688,0.3419590168151685,0.4479031208817552,0.42668399025041287,0.3582029593268002,0.5592539152868155
oocytes_merluccius_states_2f,0.45408534039796355,0.40561255969858695,0.6776680128531648,0.35665509414761953,0.45436924958264757,0.42611467165641453,0.4492073902394193,0.6052592407026458,0.7803740510360258,0.5888315539270838,0.436833904636228,0.5972882424433911,0.24802533475279054,0.7709238539983094,0.6070682351356123,0.5795897009160568,0.8046299489309962,0.7169945874679096,0.27778836616264957,0.5443327867183186,0.430847640416995,0.5802505845946377,0.4347645289628341,0.41970841423644095,0.758976382280886,0.400141804948105,0.38211881784824936,0.5360324989597062,0.7099831563580611,0.6680696544613601,0.3881333077212456,0.30855378227570834
musk-2,0.721334223434203,0.31848094981664504,0.6961782769467081,0.6709413013977495,0.7054442003393592,0.6507516983681386,0.7112560381846351,0.6948054148506112,0.697304463711909,0.3188170602308523,0.7350026094804882,0.34985804681410876,0.2958975278058284,0.6961618783012038,0.36979853203359725,0.6837700039259909,0.708597469030876,0.7094475146352929,0.452925847186412,0.3222621981914261,0.6944772102480196,0.3096961423952621,0.6868620035930133,0.6848286471865691,0.7049849989674442,0.6942746595020051,0.3108410936721389,0.401378580438984,0.697051490512481,0.6918400947278514,0.6462794325472364,0.30376496374955425
wine-quality-white,0.1782217692179653,0.5705510335418628,0.5524910525458655,0.10991347188277624,0.19366247523330066,0.13088963314353297,0.16992758826955778,0.395508621953159,0.8321109767984842,0.8628792943373046,0.2048899755296353,0.8869839477113272,0.26452681413259455,0.703293534373142,0.8497233356396681,0.4411825503719666,0.7924334392283603,0.6739716447302166,0.17257099056548214,0.8422521737819566,0.15239506968965996,0.8442775972292929,0.1776596936347331,0.14501573577915064,0.766234153688896,0.1551382333784886,0.5132450305379759,0.7646783576972342,0.616879377652924,0.5557489698853317,0.1144090361018599,0.3867307081212135
arrhythmia,0.30695318697323465,0.553842139468759,0.5509695658798412,0.28750276169052325,0.3344299881936793,0.23865179460471503,0.29402139016068723,0.4809734922626429,0.7780896814082165,0.7143497944856593,0.28305259905750907,0.7653333834206201,0.2921018018496954,0.659932946923895,0.7124075260128233,0.4586549869767842,0.7275868242579975,0.5268959348100387,0.2946321496140353,0.7483620971334665,0.3138910302760517,0.7158534611519067,0.2961672253812373,0.2916113689898362,0.7302543885251841,0.3077007627497774,0.48875495287468895,0.6750872945935572,0.6263296905864122,0.5495913487218103,0.2142489544086404,0.39493846055727355
wine-quality-red,0.19755968102128163,0.5479624022500184,0.5745629544532672,0.13403029209287928,0.20903207318015668,0.16011821096757842,0.18872975397772032,0.42695377751629143,0.8462672565627185,0.8400230376952517,0.24087322206579104,0.8604977305768903,0.24732635214259838,0.7200523751022087,0.8232501530077095,0.46333694184224455,0.808094408315354,0.6903031162262794,0.16703634563022315,0.8112645035558954,0.17449363499100684,0.8230208235887282,0.19283649145677595,0.1679647696743425,0.7813704401210472,0.17296061128638993,0.49043839463620886,0.7616754042887959,0.6382197822447171,0.5764807211601565,0.13755327197493164,0.36690969465500795
adult,0.714852198157479,0.30846061524100626,0.7124679642090077,0.707150560250022,0.6963071972370377,0.6598507824780584,0.7029469003671347,0.7342123508738376,0.7395158408243383,0.30729674083123915,0.7919935627926781,0.33997339821536415,0.2618536966110123,0.7082752688126218,0.3377186971538499,0.7023037112803995,0.7281449517436739,0.6863809333656239,0.43879054710465604,0.31379603919757754,0.7066022125038349,0.306317766303039,0.6734106665076499,0.6965641300605251,0.7425181823610422,0.7037125465787634,0.2881733767046081,0.44606249372539053,0.7242068035611376,0.7073166947749555,0.6446962823022317,0.27939675953068344
conn-bench-vowel-deterding,0.16882563509593543,0.6681582302507982,0.44911586440364315,0.07039509790157589,0.20385369492346767,0.047610513591831716,0.15881880154746708,0.27942009581911403,0.7239674767414603,0.8956495951635475,0.09656082188517541,0.9507634008221534,0.3705906674652345,0.5927085989340524,0.9335930405367315,0.346633457143697,0.6784288813002542,0.5803855168159813,0.26186593450262813,0.9291169789117462,0.12340652441995467,0.868329845245967,0.18436516304040274,0.11020073318524153,0.6529381344767019,0.15227107842491952,0.6090128323773731,0.7082478234062142,0.5062148387297317,0.4542035838463798,0.06593121630501882,0.49070042887045795
pittsburg-bridges-T-OR-D,0.7179804091225658,0.6610005119625211,0.3222833248995991,0.5637270841576204,0.7986485911441223,0.387195515286834,0.708657106894108,0.33990765274354734,0.2901902934770765,0.3901577481102093,0.5520263487772785,0.5471406259458486,0.7027234383554679,0.28849693538528404,0.6250932946167608,0.3488942627898324,0.29009527161582666,0.3404942327783681,0.812515889776432,0.5959723450597991,0.6615236319230979,0.3501143824619952,0.7460270267315808,0.6199596862694877,0.30136983878585016,0.7169312198333748,0.6628533793585817,0.1506594428851969,0.3131572838799951,0.32339509413427536,0.4899378538176574,0.6811884670117523
pittsburg-bridges-TYPE,0.42421833500755607,0.8499880654227915,0.20110006075092615,0.2164062389296593,0.5306038798396457,0.062344651757945325,0.40823315035814783,0.15323625991532414,0.296291992583941,0.7052336071435039,0.10124426503976114,0.874776333160877,0.7336654799786657,0.25479449737794857,0.9424143421545844,0.15177520637655653,0.2770496689381712,0.2363491101341656,0.7118906340439001,0.9235754846171697,0.3545618460390888,0.6631355231672525,0.4723157587780771,0.3056665344883118,0.261503642383166,0.40982807988196535,0.8219793598256119,0.2765709391202305,0.2253638255730405,0.20379872796427662,0.15771353985967182,0.7774658725541189
titanic,0.6222806475906515,0.5515143642029225,0.4787208269036378,0.5631920347886064,0.6666014170369825,0.4193543259300757,0.6113284543645403,0.5079237355525502,0.5331134232412167,0.43434060340368946,0.6054864070652423,0.5438711154755821,0.48605772843604744,0.47239309641122157,0.565717529767298,0.46325999424431064,0.5005846775355723,0.4409968174207144,0.6035247855380848,0.5560980806941379,0.6045842742590397,0.420901348781303,0.6182698564270747,0.5725251964821915,0.5208630965942133,0.6290824236983805,0.5224557532827374,0.3580666817129148,0.4960559892318767,0.4702160381986985,0.4557445798910945,0.5103715030506312
breast-cancer-wisc,0.8730479488325625,0.10082125218294367,0.8838464042194693,0.9008489261628588,0.8074951722778215,0.916614513499359,0.8640232657263985,0.9005711933523282,0.8420004171063965,0.12846265246829802,0.9595324466774228,0.10604496274947997,0.12670153426474007,0.8618381268928889,0.09235977974150684,0.9068216768469758,0.8575805139587821,0.8711710893679757,0.38236953812250507,0.06461885186430992,0.8694369123600643,0.13009090743839868,0.8082454809529922,0.8735343079978948,0.8721306316006951,0.8542151312521796,0.0993647482491723,0.44795636859973526,0.8806430225794699,0.8866570669320827,0.8808188076295017,0.11503569780311876
libras,0.11859012412768864,0.6508199905009363,0.47500164732560923,0.041191563017355326,0.14639617110368788,0.032708778793994205,0.11128736708722449,0.2867225975316547,0.7835308884509774,0.9326968518535594,0.0647685695738639,0.9730400065189451,0.3237113594911245,0.6398855128690643,0.9343364729537127,0.36471876302350065,0.7300703220287088,0.6051974344528733,0.20060152218285826,0.9462718149286292,0.08150635538418043,0.9105045001962319,0.13276057240096187,0.07177476964011802,0.7097448090739806,0.10538172906805283,0.5902122107669778,0.779551794535872,0.5404790542424754,0.48197863050221323,0.03995786786989405,0.45675774157160215
lenses,0.6853973518749199,0.8290537515787381,0.14463769848916838,0.4702305973982274,0.8107444219370582,0.2429952948521261,0.6793741844456472,0.14955785788459935,0.09531455265228554,0.45936465425969963,0.3651445327916894,0.6642636311900665,0.8936765713898546,0.11283700756586243,0.7738168387039065,0.17660398828719487,0.10498205074212989,0.16195303327328142,0.9599020500226577,0.7529194161962975,0.6128102648628163,0.40781108647319725,0.7414696244429382,0.5537154264158695,0.11255882508038789,0.6885030771812172,0.8403875440860276,0.032770771703697445,0.13132603762715764,0.14632293465696694,0.39153314645358,0.8643635318740305
cardiotocography-3clases,0.45255579654500283,0.4581418209080709,0.6233128253920329,0.37256154358008053,0.46769429659789047,0.3908959861156198,0.44662725324607644,0.573256924744886,0.7378435510968033,0.5881854037920321,0.4330091524049026,0.6205143075985643,0.29521153038782466,0.7063357745348139,0.6220355102934431,0.5348163158073425,0.7417643813617973,0.6287762952550409,0.3349153500777113,0.5841670052374972,0.4407481126343714,0.5808370121611972,0.4378799336459244,0.4215798885034008,0.7135822771065222,0.41728087007343323,0.4266927030238024,0.5249314335389161,0.66254500228883,0.6135096087595562,0.3631009638575835,0.3580193444566218
horse-colic,0.8099209125333751,0.3634122685210713,0.6182519742920423,0.7557346251785159,0.8135242743243974,0.674448095853027,0.7998195297840374,0.6393985162486056,0.5812189951003799,0.240256928248484,0.7773261192287423,0.30569993030882964,0.3994312292972163,0.5869039004241774,0.3325530923390053,0.6476031518210058,0.5841954300684236,0.6189454802665444,0.5934681061773985,0.30750523439906763,0.7819487117789663,0.2218671844572111,0.7895573682059537,0.7649150403908216,0.6010105130799482,0.8024925397709975,0.3623173406078016,0.3087126033678746,0.6127561292452096,0.6215331906024465,0.7056098829230175,0.38135304575339274
wall-following,0.3416333057801572,0.4284516208501642,0.6742186012163663,0.27489589638284073,0.33856397008941663,0.3413726729335246,0.3354050649360473,0.5747946250653573,0.8559999231588,0.6886822198852206,0.40161363385718785,0.6891186217007319,0.20270604976889867,0.7930355404477001,0.6677889248940643,0.567695543624412,0.8554576289347394,0.7445069866603691,0.18899124560297118,0.6287417086369642,0.328360198993004,0.6801998459499703,0.3206774915792052,0.3211055058326527,0.8188860768142416,0.29890041417043367,0.3898775871923655,0.6632155574950828,0.7249539159119415,0.669451838468597,0.2952952352299428,0.2907268608332043
miniboone,0.5713716150336919,0.41484571685126803,0.6481769950854297,0.6571507833218019,0.5776412958034529,0.5111730237403571,0.5546632724914554,0.7220668779579655,0.7945280123157895,0.41188896431372357,0.6799043412535453,0.48052719382425507,0.24861561459075318,0.6606947805159452,0.4088210696733929,0.6131307646613428,0.705761496459824,0.4963548536415241,0.4215551208157054,0.47023990144097544,0.6185907301022036,0.43448163663117334,0.5280062644877147,0.5908795630305608,0.7651127473241167,0.6085688625995176,0.35042616493202305,0.5904410334786597,0.7083569912854504,0.6372964084919371,0.4727514239964368,0.31536273403067766
heart-switzerland,0.3596478402083501,0.7126615490352244,0.36355779729523824,0.2187961153478395,0.4301200777309398,0.1334095878382778,0.3450142117016519,0.29529064334354455,0.5187128745773871,0.7262149421834204,0.19738424910566765,0.8381154199571333,0.5317486984755448,0.4473123199422735,0.8578174409527392,0.291741451513785,0.4941208423995142,0.404200717780467,0.5052688323203511,0.8484477887710151,0.3178232090328868,0.6985052540888605,0.38347669800538625,0.28412250274508644,0.4776600483646638,0.3426698770569305,0.6720559812203718,0.45682623880227696,0.40929149809793425,0.3659017307606002,0.1741184753237244,0.5999144240783737
post-operative,0.6382108590738049,0.647843093861104,0.3686514366194356,0.543606655426468,0.7090473503780367,0.35279012478256094,0.6257986932302102,0.40587232503240583,0.40493208993379176,0.44171302905996124,0.567490427191598,0.58962238905224,0.6109424928907681,0.34695781644062257,0.633106673173213,0.3694088296286304,0.3706063143003724,0.33907581613280097,0.719519485935398,0.6244036012776566,0.606814011321186,0.4177509279041988,0.6514804079910792,0.5667735780203714,0.39490110572603776,0.6505081376623035,0.6236750865824354,0.2709059297807362,0.3794664890466011,0.36276578474422017,0.423570224252017,0.6226977990715878
annealing,0.43751488145913275,0.6295454150382401,0.44449218208888314,0.3793745378357696,0.49376860911238146,0.2587869010397624,0.4232744122183376,0.4382539466394185,0.5911203590427131,0.6106600937610259,0.31283746393661094,0.7161819750027911,0.4528879549550109,0.503917977548067,0.7015291291483896,0.381360657743601,0.5399800009968987,0.3786251365064867,0.5060013209738768,0.7289485782660925,0.43568697702677506,0.6045831668899355,0.4401295700390942,0.3968660120230603,0.5538293904997696,0.445404768486856,0.5781601724944658,0.48562684366546005,0.4991850166278411,0.43926226552318365,0.2708303453588476,0.5219500982964782
blood,0.8790310581186578,0.05753101728392198,0.9290786187899499,0.9204038450600139,0.8017279842407551,0.9536895966726215,0.8699675608393215,0.9445624367867229,0.8888487079582861,0.11399453607933528,0.9845759739794626,0.07657264181258917,0.07880211730629752,0.910084924085335,0.05540613626212646,0.9493247774227499,0.9059684037452187,0.9139288420676783,0.343076958116018,0.027102806936384564,0.879396042998851,0.11946801707127648,0.8066478633991584,0.8872114311159139,0.9198155353086388,0.8577507866647193,0.055556861040288584,0.47512068563017684,0.9268970118189499,0.9317053101790177,0.9056059685996295,0.06938806098666053
pittsburg-bridges-REL-L,0.5408951277987754,0.791959403372074,0.2368373030677069,0.33686986507397104,0.6402421061621938,0.17215840009036862,0.5291406215988687,0.22005216102351213,0.2720675283995028,0.589447128480691,0.30152852531345503,0.760230441553769,0.7436241581400986,0.24762931277023004,0.8502808091069866,0.21050509023057165,0.2645602948920485,0.2793723175496168,0.7652469836323326,0.8032940159574836,0.46806094912684904,0.5448171876878796,0.583664859496932,0.42135073306104887,0.2514519429154174,0.5255719923330097,0.7768352849946127,0.19879528997831963,0.2378827025502732,0.23307020223080951,0.2758164068035242,0.7599954058066865
ecoli,0.2517507413501928,0.5754316681436135,0.536535827783041,0.2001675121069181,0.277062050372861,0.17852138087535585,0.23913302636566722,0.42980361135567724,0.7840501185683998,0.784208578250305,0.25131629999617217,0.8291519142585136,0.29730253202890855,0.66016241928596,0.7894984019530933,0.4370743415876362,0.7396828981396997,0.5874250060118138,0.25395253132993484,0.8001368911308807,0.2386574228360714,0.7739696145428753,0.24735777307251794,0.22301029463082958,0.7271732437858965,0.23965025781958005,0.5131839079347593,0.7004536005837616,0.6055196751046634,0.5381159195762113,0.16274810327373854,0.40648015711806207
wine,0.5256508629107287,0.3904503943083375,0.673924276025834,0.4293773285202426,0.522664735539114,0.4769194514495516,0.5204501413910516,0.6191093541617074,0.7407932705657025,0.5225584525517056,0.47846558888393576,0.5402878873467372,0.2771379749309935,0.7399195474959511,0.5589963339665418,0.5949127543662691,0.7659400836919965,0.715427780517762,0.33360065907329217,0.4923864106038443,0.49664279312066517,0.513190682542343,0.5035723578262988,0.4827808743204989,0.7267138181103452,0.47451180190362524,0.3753718759654349,0.48612622152839946,0.6929794249054669,0.6633166297733447,0.4507818077488364,0.3214388198449614
breast-cancer,0.7823476008198937,0.5362414698614076,0.43615560649011476,0.6631696312780626,0.8340919112894373,0.5262140560665289,0.7750637953455012,0.4490886373582281,0.38638476618801726,0.3041886656074981,0.6419638314315406,0.42522659931241613,0.5966074192631211,0.40087226799868075,0.4854080714856859,0.47464172200384586,0.39172160628140956,0.45146448124802924,0.7485970896165327,0.4607661454818435,0.7353260706100327,0.2699269061567719,0.7959869735783301,0.7036971140115515,0.4067989787168766,0.7804457373209539,0.5424329094117233,0.1920627821025248,0.4251941424289596,0.4410608797346407,0.6081267621368298,0.5671338499800506
monks-1,0.8133034219626595,0.6318664239502011,0.31425079789578286,0.619910658379863,0.9009913497291183,0.48667447816119713,0.8176366546567857,0.2832180378598805,0.2017991218684865,0.3035495426738767,0.47413028035404814,0.4439376418540122,0.7615651617836022,0.29603899138972556,0.5421844448565662,0.3698493016498503,0.2442168193040225,0.3228398847695496,0.8898696382557805,0.5249098806606028,0.7476554557649621,0.2600309570135827,0.8609623051362506,0.7049622306160163,0.25141065929934875,0.8074170431519998,0.6676999914298769,0.04507957099404764,0.2909181752780866,0.3242332986349061,0.6139688744310866,0.7048420313423907
lung-cancer,0.6200149843190965,0.6771719855753296,0.33856776604602556,0.4802978618007519,0.6964600417433622,0.3150905773444913,0.6085878779347458,0.3496722005028995,0.36220810694528527,0.4788580488396055,0.4719020377660836,0.6274722470333035,0.6485407311730302,0.3299808238084435,0.689585804676343,0.3322771590044526,0.34583142176364917,0.3444231179629068,0.729437879279323,0.6630386409124089,0.5710873511913714,0.44627736813068486,0.6430148405331807,0.5302518549944193,0.35282984294399955,0.6176227184424634,0.6615866512035841,0.23859134288900471,0.3431313408250119,0.3350851867381228,0.39637593874630805,0.6567633517347615
vertebral-column-3clases,0.5066028426982941,0.3671544360458997,0.7047017906485906,0.4191522993595945,0.49782034479469367,0.4848878666671846,0.5019254395068234,0.6446150343911413,0.7836377595446763,0.5338362609497479,0.48539268390518164,0.5394118054712062,0.23757652986938083,0.78069264427875,0.5501603593404587,0.6173489832184966,0.8098547478304748,0.7434478487269278,0.29061503821164325,0.48402272458436707,0.4830636741519638,0.5273743318414233,0.4807618964195053,0.47202455594007703,0.7680578004135904,0.4530822065937538,0.3493058718476289,0.5192340126956145,0.7288242413372761,0.6937500623704637,0.44659971883236904,0.28797528513793846
tic-tac-toe,1.0,0.12442577113536982,0.8241651880685054,1.0,0.9645678293660583,1.0,1.0,0.8472762029103316,0.7177559256322921,0.0,1.0,0.0,0.23850757457759064,0.7991351036178254,0.0,0.8938047043988643,0.7281319649376587,0.7635261327236867,0.5461315963286038,0.0006909295787778483,1.0,0.0,0.9687293921614504,1.0,0.7717285049778407,1.0,0.14649399020103165,0.3285069723513325,0.8137137815295554,0.8372509346299193,1.0,0.18677067704481753
iris,0.5619122466623859,0.4294862748623785,0.6220642272016808,0.4647340710725203,0.5703364395228362,0.4693175508330984,0.5560369832800659,0.5837678179582357,0.6734470929020039,0.49363828490979345,0.4919496573809586,0.5345073644310802,0.34120357046501315,0.6672274511274142,0.5607150424150783,0.5607919746640294,0.6899380397111436,0.6550692984003089,0.4112893474687488,0.5017801904758029,0.530490275931351,0.4813503395842003,0.5451646888956291,0.5111029760801894,0.6616723885820596,0.5217250446171948,0.41606479980813993,0.43728129965884516,0.6356249735839723,0.6114229588853358,0.4627171143681723,0.37605534914403843
plant-texture,0.0,0.5501064018492706,0.5988503227514502,0.012129656379207904,0.0,0.0476615775772819,0.0,0.37415004454164735,1.0,0.9977830858553373,0.030294100063141174,0.9848946284321829,0.14073807703831692,0.8187073780558495,0.8691787360983331,0.46670208337273367,0.923773891230244,0.6981270761462116,0.0,0.939497130525506,0.0,1.0,0.0,0.0016417900043563716,0.9212817320091982,0.0,0.4814133722951413,1.0,0.6943410103993609,0.6106044402753253,0.008436184177456861,0.3084364712520308
nursery,0.5598016447436036,0.7126823340780682,0.3158409815446619,0.38161146612412306,0.640245616494407,0.2462429800266811,0.5483094698879436,0.2968628543451755,0.35134871209843704,0.5539043935439761,0.3572529655145678,0.6997771539465634,0.6629580872066222,0.3293838027805577,0.7745583046352487,0.2893992550415261,0.3466692911543577,0.35617686809455196,0.7021939946736951,0.7294813591208853,0.4956287902211902,0.5154773587315282,0.5902526228597302,0.4553594839373653,0.334124082911464,0.5420467368902969,0.6982527401932564,0.24457694027982343,0.3197271037053553,0.312597601255142,0.3296336525135302,0.6797392027734861
planning,0.7997872307135523,0.21742986590095956,0.7813527444444651,0.7876214579423668,0.7606423902147952,0.7780523301053905,0.788768468988754,0.7947771410395407,0.7613665633248214,0.2225812157093299,0.8496224775598016,0.23176302968237197,0.21984830338500155,0.7668492878665524,0.23525400489927192,0.7882866934885743,0.7717965906752022,0.7815182437042663,0.4277544622136286,0.19815755349288108,0.7839088530230935,0.21830605217245944,0.7500308574469254,0.7803387354687605,0.7789267944677722,0.7777145339532621,0.21217595085172528,0.4198227988368235,0.7802773520775129,0.7808693987301892,0.75956628067874,0.21754995801448798
statlog-shuttle,0.25194176943203667,0.5069137744086404,0.6117921740342863,0.24553582915153574,0.2620928043643698,0.23886876748063277,0.24108499169695094,0.5115349872819823,0.8727913813320709,0.7587871049502211,0.2951705988281156,0.7807498426261249,0.21066108706243494,0.7421174811925557,0.7153164120773682,0.5062524423513929,0.82335265078343,0.6249526408244694,0.18825379348042065,0.7435476245460507,0.26043672275125274,0.7608053373768685,0.23413594398501994,0.24733249386743061,0.818367401935471,0.2459969114307153,0.4393334189193768,0.7628899581137731,0.6908421865694988,0.6108370173487228,0.19691796499918948,0.32800541813369405
monks-3,0.8063545539148298,0.6441737113693997,0.3029002382776785,0.6101225700587868,0.8962791697002513,0.47201628835161397,0.8101718375553547,0.2718035261184527,0.1926599872969131,0.3130962963903915,0.4613783969872891,0.45715625835168605,0.7714028269534792,0.28398829624362537,0.5568757565297157,0.3573706206004921,0.23452713615157192,0.31363644144851993,0.895208634551242,0.5391154279444355,0.7392373057742861,0.26867778438171463,0.8548707392098724,0.6955285122881858,0.24086434766929793,0.8005871018956222,0.6789795955040029,0.042267476043820085,0.27968954654330763,0.3125755977735203,0.6016209968976682,0.7158044576235211
connect-4,0.6296695313038747,0.5079030826349379,0.5257929583286092,0.6204887075925544,0.6628889128971114,0.46328595608128287,0.6165517257206802,0.5770198363653185,0.6007221968722319,0.4041688476557123,0.6685803229320608,0.5047474507097922,0.42268719424131146,0.5169045749903493,0.49881970523489566,0.5136980167935796,0.5492391528804771,0.44680179832314687,0.5691729619737015,0.5149237598296137,0.633073912546545,0.40125118454924263,0.6130669416039372,0.6023223862466719,0.5870985395234308,0.6500526384689757,0.4686181868383641,0.41381196092473127,0.5544654324054943,0.5175646132101487,0.48117760422024286,0.4553943602788168
pittsburg-bridges-SPAN,0.5660489546615437,0.7996098318486294,0.22190416639738866,0.3696691125433401,0.6705357973815358,0.1829028749259306,0.5546390065257931,0.21830001631981027,0.2491286086520762,0.5632004067634396,0.3492607254005229,0.7437349505273345,0.7660047797078217,0.21928308332543678,0.8347462784763507,0.20646988710326816,0.23718037791944593,0.2557132166966756,0.7995679268799336,0.792605404968478,0.49641932421783364,0.5183676507165141,0.6098414203145746,0.44795506181651196,0.2317954961390046,0.5579117632677778,0.7852716297126177,0.17764467758142594,0.22136480237904155,0.21748530251951603,0.29327511868019585,0.7760340249417808
car,0.5677045698900814,0.6791821908070672,0.350547203804411,0.41523027231618026,0.640576968646525,0.2793746753796504,0.5561372882251779,0.3389894815185947,0.3933006949601999,0.5333338471412963,0.4066726645638415,0.6708670657255809,0.6233969314190932,0.36137005921066156,0.7334512417953428,0.3258953617482713,0.38250602631879665,0.3763509398258959,0.6764041865918796,0.69645340850731,0.5131296642744997,0.5003620938735397,0.5908387485001156,0.47522929823526616,0.376592310700774,0.5550547374256406,0.6612551636720768,0.27392071781769195,0.35831527352916115,0.3464131625645034,0.35232250264017123,0.642719717783673
ozone,0.647592464971623,0.3056741110889512,0.7327993541126858,0.6154230138682998,0.6268642039877839,0.6204845709245589,0.6398179134580868,0.7217678200371924,0.772421704503413,0.3781921445987279,0.6786619349911942,0.39291580641240287,0.23422310398676868,0.7574986553625443,0.3939646740519799,0.6932095168934954,0.7790930055368551,0.7321461084407831,0.36899393153082977,0.3521303188028568,0.6354682531566378,0.3772412397375525,0.6078777672034967,0.625154807263962,0.7706830102002182,0.6188826383373338,0.2893998892104223,0.47916493590796483,0.7472070012480664,0.7237628658337845,0.5915236095149643,0.26265918663519594
spect,0.8412967397976296,0.5470192622393902,0.40279655060645314,0.7015190876063907,0.908603191814532,0.5714081951769925,0.8432259140092582,0.40557648949451186,0.30469180661940565,0.24748074621433253,0.608079338708724,0.3695130038533751,0.6625440395685804,0.3782632138556557,0.4396612622599034,0.4606659692697223,0.3290334459421657,0.37585355908980045,0.8318093336778442,0.4362587810691722,0.798142507384036,0.21612263836565376,0.8709001481514561,0.760897082433428,0.3532174528139206,0.8432527058152905,0.5746329447289251,0.10852459658710056,0.3875638541079411,0.4125388053347346,0.6699218229120771,0.6109631240626179
musk-1,0.7950963391363397,0.27846499467944036,0.715962397469527,0.760257412240669,0.7727958391945244,0.7279226860645439,0.7845853883899884,0.728307178325629,0.6897857841793464,0.2407318343982396,0.8100158551897604,0.2708499618230551,0.29156124501251307,0.6972519719074154,0.2869915361449641,0.7277467523989445,0.7004183243493797,0.7222762748278946,0.48696563190379677,0.2493675438310113,0.7717114721752679,0.23030894780338929,0.7571680716875067,0.763098416917056,0.7073965299701135,0.7755192488639618,0.2754116682919954,0.37548147130107606,0.7120893383906002,0.7161131795838009,0.728721781077362,0.2843357406329467
haberman-survival,0.8556527046750511,0.1325048724289959,0.8546703116920954,0.8655192535997798,0.7972728501739151,0.8795535602528926,0.8465766640236078,0.8658035531448897,0.8135108799299952,0.15451485129994016,0.9220231564562553,0.13973794121175664,0.15683209780086757,0.8352530279064626,0.13486420710744385,0.8731631979485502,0.8320568625436441,0.8523379007749553,0.39667142856020926,0.1002046962402314,0.8451962920408814,0.15317594070728274,0.7961221915036706,0.8475923094380484,0.8413777818094335,0.833160892916434,0.13226309310955195,0.43229220139101043,0.8497414415983837,0.8567272332265987,0.8505264304086764,0.14578564403905522
congressional-voting,0.5647544312532577,0.45919512912240584,0.6028127231153861,0.6351608031895054,0.5809602017680935,0.4710359461805218,0.5470626929090994,0.6744629275244511,0.7478473699719385,0.42838058304727583,0.6309573554147337,0.5124494011376681,0.29584693698279774,0.6121175591039497,0.44932850566151206,0.5690066377272,0.6560345076050806,0.45425213570404355,0.46027212690145236,0.5100900504383447,0.6031054939634377,0.4480163754402091,0.5290490337539746,0.5729115557629681,0.7149935531002483,0.6032680514974682,0.3940028661533349,0.565232021068046,0.6603631222637748,0.5923418231872198,0.4465743709768345,0.3614199406690358
breast-tissue,0.20663968480230135,0.5045613262502193,0.6194592819324631,0.1382241384234607,0.20826977988070206,0.19681107962099909,0.1989878970627527,0.46844476367979515,0.8817554703261035,0.829151594045812,0.2889010417770069,0.8329450618881175,0.2087605563344884,0.7675483595023498,0.8000809183629118,0.5029989283845038,0.8565646269921441,0.7529579767280801,0.12777423755382647,0.7706244433003067,0.18305960285616318,0.8113818139247477,0.19579637173046147,0.18063047484201178,0.8201299842810421,0.17140888260908363,0.451588047304316,0.7678833188537436,0.679715028925131,0.6200147595101254,0.16290469464406265,0.32607088873776496
abalone,0.5729015587366526,0.3853724513322522,0.6665408201858961,0.4863417024070801,0.5707261067062083,0.5096199877862481,0.5676311103918074,0.6270552306030741,0.7151750108002732,0.47499802160441135,0.5253771506148901,0.5017914168128557,0.29835982880374046,0.712436036909757,0.5228585803365352,0.6034928330729298,0.73551359087899,0.7013658781105134,0.3761965533733919,0.46011981661776824,0.5445835042740185,0.46589563403343126,0.5493373046017517,0.5288128915938286,0.7053804745996154,0.5292397226869738,0.37351841401574565,0.4575512769547457,0.6796739373265347,0.6551049140727234,0.49192847468096434,0.3328312749012046
vertebral-column-2clases,0.8300597071836752,0.1678001929345435,0.8247622277124533,0.8264126986471015,0.7792289929535737,0.834897300355811,0.8198655545600989,0.8348540208581724,0.7916188663251281,0.1868012557190225,0.8835678309283999,0.18130498305236462,0.18302136623378182,0.808481341120122,0.18157721627721665,0.8368056060324001,0.8086251380483916,0.8283239438898523,0.406508301637552,0.14277608998458924,0.8153935405475317,0.18370943221463848,0.7744918570730535,0.8155061979049814,0.8146751014322624,0.8053537394965973,0.16632725983438934,0.42634145597824097,0.8208089588406422,0.8256939535468603,0.8098239500795338,0.17566447986600378
optical,0.2015744749940524,0.6124928948611411,0.5056860886167562,0.1363438720424967,0.22801917001124933,0.11563202043941008,0.19020624970156402,0.3638931998365941,0.7754786262780784,0.8441839618185905,0.17591789493891222,0.8894816347175383,0.3149946313944277,0.6413264408164076,0.8561149181936931,0.4026534503034041,0.7272727334378384,0.5949868495709509,0.23887159615582468,0.8619802097680975,0.17442749327766985,0.8272314380599898,0.2047598863817329,0.16156761506610726,0.7092149638819558,0.18916368957507054,0.5482075051472576,0.7257483639043967,0.5706211394862422,0.5086447507627193,0.11325503273222354,0.43382445520361496
heart-hungarian,0.7911563815395288,0.44193614169417916,0.5388216418741715,0.718200228465327,0.8157048288710145,0.6031842810530358,0.780688361420412,0.5652309045228742,0.5052169764732342,0.2715152054211421,0.7302307326514307,0.36372893040951565,0.47925406627757805,0.5039203748217279,0.39979979159286033,0.5708519673589063,0.5025140150694423,0.5364457644749597,0.6576846202357177,0.37986114264580234,0.7592259244331888,0.24824581939959314,0.7830169019544088,0.7350713098656717,0.5226155791148842,0.7895406241622197,0.4398812761466514,0.26974090421041663,0.5342402873437654,0.5420936146441652,0.6532209965535519,0.4601209646075462
low-res-spect,0.17912175555216261,0.5526205322204613,0.5731383626429153,0.12803269111820037,0.1907390357529366,0.14770185179363127,0.17010324838192356,0.42317402634661805,0.8595541046504269,0.8532521755552295,0.22549544901882598,0.8730774492496923,0.2385435731301919,0.7233694027572242,0.8261660982514715,0.4607463575212803,0.8150579133559637,0.6795935710797032,0.15554264774370305,0.8261483562659773,0.161153476061286,0.8389297944839879,0.1736957605983252,0.15426744722519828,0.7931082052885757,0.15971289323571777,0.49103290374438385,0.785826153519403,0.642323351410655,0.5758334861580106,0.12291881816191975,0.3637972263744097
letter,0.1317982979343367,0.6132471003276447,0.5144775160292584,0.0822937681618168,0.152512765424632,0.0748263618433258,0.12412530877223558,0.3385879310326906,0.8243954468939539,0.904995841472173,0.09694700628396641,0.9358113594722635,0.28058827548998044,0.6777996610388224,0.882682240022783,0.4027122376302235,0.7684561671561303,0.6115754000124058,0.17729627590604904,0.9074217716411962,0.1083714696487545,0.8913218553328395,0.13700682818497767,0.09871015589792712,0.7540143895044483,0.12342677503927847,0.5480167939859852,0.8025843552429194,0.5867201010260712,0.5199930395925795,0.06755744254209554,0.41593559867628066
mushroom,0.7789853395491771,0.4533334105918858,0.5304724032370887,0.6991951048159938,0.8054662962850356,0.5858516100992709,0.7685291501762351,0.5536226340173448,0.49940133418844906,0.2867918645587395,0.713587035827774,0.38046666827682385,0.48647155108313533,0.4979881879667649,0.42015180865751844,0.5583015566565139,0.4980947033159081,0.532554574526021,0.656445229454419,0.3959531452497997,0.744187010112069,0.2628802455279977,0.7721994249883578,0.7197532872674424,0.5150308433293287,0.7750028940318376,0.4511306860867505,0.2679878915034689,0.5253046816245303,0.5328353566448089,0.6369773840595232,0.4692291900975877
monks-2,0.8538354085821036,0.3957545054664475,0.5690148477289995,0.7774138655143238,0.8737528659976804,0.6836922864611866,0.8472413669471368,0.5860082056420806,0.5037022884876979,0.20386286547832017,0.7553977408690284,0.28524483324725125,0.47071366680549687,0.5346621465627855,0.3228881683819968,0.6176684171466684,0.5084543768079383,0.5628760585349379,0.6757175000765725,0.3066312546086249,0.8210079825790889,0.18073948074420132,0.8503837648174939,0.8005135714563614,0.5326455430147589,0.8522178836122782,0.40521275158322695,0.24573131802759274,0.558537022803545,0.5771307918030569,0.7372194883407853,0.43509609218642453
soybean,0.3698564095358463,0.7378931331040871,0.3345122471253434,0.2554171286481432,0.44664350156856725,0.1305399959549159,0.3558824229892228,0.27462088665424145,0.48845990915294596,0.7097453067746965,0.129203466956433,0.8315678514487054,0.5562016474351897,0.41463814585798714,0.8394375064478038,0.2689704538996846,0.45335946292266904,0.3152094811329796,0.549263419625965,0.8650659364573223,0.33966992667095774,0.6906216905045814,0.3935593879765254,0.29792490132036686,0.45190400549281556,0.3706300249847933,0.6914100323660384,0.44798954902008464,0.3861973488036029,0.33579087956504766,0.17708723459873515,0.6277494021059324
teaching,0.5351839891197168,0.5980375330770967,0.4464565359073794,0.3731301156056986,0.5837687692531568,0.3192441085760844,0.5268429892025821,0.40381623685969437,0.4903834232334885,0.560310817389477,0.3572761478624332,0.6550493310826784,0.5232223127257262,0.4862810687498798,0.7154384350324071,0.3938076209794197,0.5038695934790637,0.4981036905855528,0.5575391874518478,0.6542769472709034,0.47863666933354193,0.5309046251854135,0.5473950278670264,0.44743475763131973,0.4735945663128207,0.4985667628592701,0.5860126775622424,0.32964063949919603,0.4532152303019176,0.4397785702666599,0.3622395976395094,0.5518234914278243
molec-biol-promoter,0.8471888516775002,0.36928486555423085,0.5975215177809182,0.7659391500332301,0.8581839130932258,0.6966583782871063,0.8419799707192556,0.6007364704096896,0.5280654753263017,0.21219505345382764,0.7524073297165427,0.2793952284495322,0.44325715289633105,0.5677868749133902,0.32117611573100774,0.639306733359142,0.5455294700467628,0.6100476116866501,0.6395963882909255,0.29187216366968666,0.8099576869168718,0.18794385959377483,0.8391900292765828,0.7925036387011217,0.5586715816665561,0.836550227332992,0.38172724442199,0.2547318204644063,0.5833273885623799,0.6041903299524314,0.7440196881249014,0.4089025753300472
synthetic-control,0.19837819749188026,0.6267711725661361,0.4881192208776237,0.09266557263368105,0.2283152853905891,0.0943460707165941,0.18724330550787543,0.3393210751116659,0.7475278055290555,0.864143510676736,0.19285433454113832,0.912451250919028,0.3440375565185311,0.6249969784363236,0.8989659512591911,0.3851295861805121,0.7111918124121995,0.6338639140521307,0.2452576016863228,0.8751731427952574,0.15694291884478187,0.8350567026055288,0.20743493914325636,0.14555412401446133,0.6801874155157792,0.17115727422738233,0.5734091535828301,0.6953058714901762,0.543937597124326,0.49260988394213184,0.09907631799938625,0.4555687219169119
hayes-roth,0.639747967011591,0.31452409074316057,0.7259118145107296,0.6063563434502243,0.6217521303945103,0.6091526443824374,0.6320550736722165,0.7165024464122924,0.7698085516968491,0.38632651374459237,0.6777022416506434,0.403926608039702,0.23932268466148596,0.7512402395169384,0.4046846931884064,0.6848830439804398,0.7744771623794952,0.7266018778203924,0.37035417335857995,0.3625736836638936,0.6288911566017193,0.38459789985786685,0.6014153172113448,0.6176379593311816,0.7662259621258429,0.6117419491064129,0.29725537481503406,0.4810369969543218,0.7416685805474719,0.7164659987314871,0.5803388144921648,0.26888881228798794
spambase,0.56579995173848,0.3985138320534894,0.6653337612837282,0.6384090942592039,0.5693768539485957,0.5199849170881405,0.5522298916651794,0.7259983929664737,0.8034111199593801,0.42026661144184607,0.6814583126851,0.4775304384371941,0.23744433161326653,0.6855392923474561,0.41264220338362617,0.6245997619796837,0.7296579315985269,0.5317397085496595,0.3985708036500347,0.46096235163268195,0.6108927374772163,0.4403031867364366,0.5226345464248002,0.584314522872672,0.7784232460548665,0.5939287391152537,0.34054084735020773,0.5866663218800318,0.722541699307,0.6533214596329908,0.4775538133436766,0.3020930513942582
ringnorm,0.7996181210929193,0.21212624072406697,0.7871208940720111,0.7868967571977339,0.7590316235095014,0.781619233876154,0.7885518269810889,0.7994152934291454,0.7670327185632552,0.2223843089648284,0.8506979429869816,0.2295609789411159,0.21418830238604197,0.7734510465731006,0.23294071186981838,0.7931434153295018,0.7783757812004627,0.7899157005608309,0.4216915847995333,0.19408633366587733,0.7833732321925925,0.21811951578289426,0.7492099337459361,0.7804229804265882,0.784370832804101,0.7762121187426486,0.2072215211001276,0.4228321877424074,0.785878388547397,0.7866389733628087,0.7615880256361759,0.21196547321377374
ionosphere,0.7517359301971663,0.2631858573484377,0.7470952459924085,0.7240850719024925,0.7224860451239571,0.7127276375362915,0.74083545879103,0.7538151454074289,0.7440224778173476,0.27683535659245523,0.7983353314608607,0.2942856396432167,0.24559736094610884,0.742555782726831,0.3032455988286605,0.7410232777306998,0.7534041877193645,0.7519151463597568,0.4262176402631581,0.26082370791798865,0.7322059132443439,0.27163175168567033,0.7078800118303609,0.7264760577947422,0.7552604379479557,0.7265954316923859,0.25520712743980695,0.4231820447690625,0.7488653687163116,0.7441452879803133,0.6968327347552467,0.2513881734690362
page-blocks,0.3292910645864785,0.49170084267273967,0.6154844220433285,0.3255804202585147,0.34514088210644994,0.30052933453265007,0.31706136486150943,0.5594483904197518,0.8375561031840408,0.6789739918590265,0.36984577328610635,0.7141435553946177,0.23177922010550012,0.722197269119073,0.6540595272346664,0.5194113246721526,0.7897539864916873,0.5847273419936752,0.25224924468095977,0.6817526291300516,0.3463424195576195,0.6847868700409561,0.3090554198301173,0.32793940415853484,0.7914263749992381,0.32567178889406406,0.4276239264019928,0.6955924600578781,0.6920725025756324,0.6116335870086647,0.2562758217836214,0.3327175086074838
chess-krvk,0.17427688934152955,0.6667454454681409,0.44918777237121327,0.0829012768418788,0.21030420596981597,0.054299032190288914,0.1643363697483077,0.28500074322701907,0.7226289935757003,0.8867430319348537,0.09169188922407244,0.943039051383025,0.370477497015495,0.5924943426006383,0.9209885230855834,0.34765036396874616,0.6756967353611062,0.5630504897157534,0.26885132603944245,0.9251035388597773,0.13313087700090837,0.8626124955719775,0.18926877639049008,0.1185137257299405,0.6541892095611739,0.1606527483586034,0.60721539588095,0.7066094461263475,0.5088312833750436,0.4544645173273192,0.07116442702232567,0.4901054166404418
fertility,0.7619111752825479,0.49158607633905105,0.49484955790393625,0.6762173660718607,0.7976110437024175,0.5460720981869771,0.7509505399341289,0.5216550366364143,0.4705046269773773,0.3086407604747008,0.690158675769546,0.4143199245955477,0.518769098919587,0.4617974131952201,0.45704938208483176,0.5209859591710623,0.46479571889770166,0.4925901967371125,0.6794784273656781,0.4354869274357237,0.7262323790732509,0.2836470146278925,0.7595623260295652,0.6985187962233398,0.4833854855090552,0.7608425111754554,0.4870558308976446,0.2571213121968651,0.49116547402261806,0.49636727153610527,0.6038699200900405,0.5040086848675062
glass,0.21494255471289347,0.572669799500972,0.5455808551503541,0.15278800249898516,0.2349494651414147,0.15393063752384953,0.20376313092125453,0.4150138094698559,0.8099849066660951,0.8247377496103406,0.23997319394392724,0.8596235116328234,0.27981848501248474,0.6811038699388475,0.8229670294983938,0.4402689998703491,0.767651832885916,0.639682982641707,0.21062694425443115,0.8201964845295866,0.19454268784927545,0.8087698424467544,0.21181394744864418,0.18347645723717357,0.7469775110410403,0.19623682875961387,0.5121497912414724,0.7333052255334186,0.6118593819778845,0.547941223929078,0.13743152545668236,0.3954536465851203
statlog-australian-credit,0.785606599890694,0.42878948994588983,0.555650005741331,0.7186374922073547,0.8055550502482298,0.60894752494511,0.7743090259252172,0.5836916241953137,0.5274216542695829,0.2737311162721494,0.7398877725781511,0.360949962669045,0.4583897230303504,0.5220961707615319,0.3937129134674718,0.583801585024817,0.5234848245950442,0.552174197581349,0.6375088411792009,0.3723790432779069,0.7553558834675795,0.25244515161611936,0.7735215112847604,0.7325795134187508,0.5429586278126559,0.7826969440904392,0.42471038685121926,0.28577373346992424,0.5523087105020287,0.5580979983266449,0.652660824308575,0.44264873945076527
bank,0.7071395450252405,0.4091022786724713,0.6043295742048844,0.6498239113347745,0.7148661118678472,0.5740355373153899,0.6956036238580483,0.6183001202676448,0.6149348378899099,0.34275440309931166,0.707598420902255,0.40833298887365277,0.3842480683401664,0.5941058765234922,0.43387308826081683,0.5995122930452542,0.6099546750297632,0.6005876870796827,0.5345435611162466,0.3999521808200373,0.679396957356064,0.33010570620976,0.6852385833860364,0.6619642222423652,0.6178703323042528,0.6939066211896205,0.3953516238655818,0.3634910536058862,0.6076428807994781,0.6000192387318862,0.5920927840892402,0.39243576956296705
flags,0.3273601265557633,0.725219415846838,0.35622031280689515,0.20242047250219464,0.3963784163655517,0.10765010329172733,0.31343783232657996,0.26982950476133066,0.5312770731363718,0.7541669190102225,0.13530668088591818,0.8623959700715895,0.5233868132544871,0.44929982628422777,0.8721909382929917,0.28164108240684427,0.5003082925334005,0.3854000589377603,0.48806783617096633,0.8802707108470695,0.28717927440942753,0.7302547463115603,0.35138365072546834,0.2535863885513208,0.48777490664527057,0.31816056172217677,0.6779145935377124,0.4916894998662588,0.4067534629315765,0.3591883512750322,0.15053348786615056,0.6019297565705548
primary-tumor,0.49085286709664344,0.8759452942158329,0.1567780020592814,0.3054845536408223,0.6101433080071084,0.09122720337466611,0.47674576070980457,0.15134170667792068,0.2224928654160613,0.6362880900850906,0.14354531695834694,0.8300939658247195,0.7971476739695943,0.1828221158350646,0.8958958637949521,0.12956136679167712,0.19383360680223802,0.13217153458157926,0.8145790593440839,0.9037252995507927,0.4372482660298249,0.598983456014339,0.5388758691823735,0.37580065188885725,0.20061459063524695,0.49647088018896257,0.8514195908180806,0.20940686479996704,0.17884002945624697,0.1563626025445405,0.19912977278612445,0.8282020669124998
thyroid,0.46758016540836633,0.4857840961151223,0.5984414875144478,0.49274163984150027,0.49150702681476055,0.3938162102366686,0.4537020241051762,0.6242973905975024,0.7660375919072084,0.5347283631348585,0.49393026780485666,0.6037532502126919,0.2858993476612285,0.6509836579852286,0.5473936653144302,0.5312489048581802,0.6966335011445687,0.48952215461697673,0.38917973176847936,0.5882115894899351,0.5009886367054265,0.5472176968104167,0.4423776320088299,0.47067173758739544,0.7263433825970523,0.4851515140592485,0.42306240915842097,0.5968246287579001,0.6649888063131006,0.5878013624926638,0.3580889707885782,0.36398875343709725
