,nr_inst,log_nr_inst,nr_class,nr_attr,log_nr_attr,attr_to_inst,log_attr_to_inst,inv_attr_to_inst,log_inv_attr_to_inst,class_ent,freq_class.median,freq_class.sd,freq_class.min,freq_class.max,kurtosis.median,kurtosis.max,kurtosis.min,kurtosis.sd,skewness.median,skewness.max,skewness.min,skewness.sd
oocytes_trisopterus_states_5b,0.0070221834240525825,0.4616314281438937,0.01020408163265306,0.11196911196911197,0.5295895817066016,0.020501356867555273,0.581933394509005,0.004402857119347321,0.41806660549099506,0.13835374747497298,0.8060342495291678,0.4323742846302594,0.035758365532062936,0.5918212144476686,0.017781095979004454,0.0006020963945727946,0.18713162218758134,0.0008454632476637114,0.6911270593572858,0.01934564821030754,0.716145757015035,0.03987969617597747
pittsburg-bridges-SPAN,0.0006033685940227997,0.2099232915731094,0.01020408163265306,0.015444015444015444,0.1895634502501345,0.045366183252174126,0.6671874823795062,0.0019439684521691195,0.3328125176204938,0.20831835900971926,0.5426890459836095,0.15830299003405873,0.5453236291626763,0.4623865460360978,0.004653943254087762,2.8063312376670116e-05,0.13512815645963744,5.128256129134119e-05,0.6450919474674687,0.0019042440174960736,0.8404084978067569,0.011213792764330604
statlog-heart,0.002015507856629352,0.3295484315912962,0.0,0.03861003861003861,0.32805926579718414,0.028048562993710172,0.6155518524477449,0.0031972228389155113,0.38444814755225515,0.12408813277879314,1.0,0.05816420927065432,0.9454388259600309,0.5384036986233356,0.006103531844803147,5.620623716285649e-05,0.083699941799871,0.00012079843390440217,0.6734687394699818,0.008293521880912895,0.8355627979980377,0.020506744982494926
molec-biol-promoter,0.0007189072609633358,0.22642518033787745,0.0,0.2084942084942085,0.6587506448873881,0.3180172318917796,0.8766692744209025,0.00019845692970348064,0.1233307255790976,0.12398357003310582,1.0,0.06664651308009004,0.93748199677405,0.5425609161023813,0.0024015216884143015,1.721245245548541e-05,0.11576172102845012,1.823640398202107e-05,0.6542051510562072,0.0030920215072218517,0.8401525647852651,0.006624239142656559
yeast,0.011464003286433194,0.5143914639421125,0.08163265306122448,0.019305019305019305,0.21943803472157702,0.003078803372980986,0.3805009804895033,0.02909935633044584,0.6194990195104968,0.35915788097940476,0.05644717771176337,0.1734964707572212,0.00637313406779086,0.3074624738140852,0.02694345325259304,0.0019186984566224175,0.2855997615829794,0.005307417542837784,0.6978987299374092,0.04371829566844485,0.7917268562600999,0.1233972532638869
monks-3,0.0010526856321248844,0.2635478223499406,0.0,0.011583011583011582,0.15507577349251225,0.023719157929094188,0.5975651404130622,0.0037953669780444706,0.40243485958693787,0.12436665042962247,1.0,0.023696567883643525,0.9777713779557026,0.5215110465046846,0.0018687117845878384,4.685508644077844e-06,0.08477394810317573,1.874260579018434e-05,0.6579017250702752,0.0014265542777540927,0.8721690361934304,0.002973436332732592
titanic,0.01653486700215672,0.5539756201853737,0.0,0.0,0.0,0.0007342261797960917,0.23575354784513725,0.1118800129186475,0.7642464521548629,0.10879576639696974,1.0,0.39329666340110486,0.6310665945665038,0.7026530386411917,0.0069149242968811605,0.00019690600516582345,0.18830044206138705,0.0007331290773424881,0.6293853157568648,0.014752268301026748,0.8229505344394599,0.06821674199145829
synthetic-control,0.004621546677621444,0.41689117066921616,0.04081632653061224,0.22007722007722008,0.6702263422936774,0.05814263406786153,0.693855687876869,0.001497164274591201,0.3061443121231311,0.37073796415096866,0.3247207290627917,0.010580809213747431,0.32045649963572004,0.17189963521745186,0.00463128925844981,3.0277458535112808e-05,0.14728368284390955,5.38190664351979e-05,0.6573216711986237,0.004207978735471777,0.8499218610950254,0.006648686136741309
ionosphere,0.0026702269692923898,0.35887542005456097,0.0,0.11583011583011583,0.5364740341046325,0.054475973075636945,0.6868536422937008,0.0016039843592356455,0.31314635770629934,0.115048374923305,1.0,0.3060802731386813,0.7128803035629754,0.6599080485551606,0.007033334332962337,8.002663552965003e-05,0.18862720185413562,9.459584745500612e-05,0.6327758770151309,0.0008123100356722402,0.7729609019433519,0.014024169635817449
pittsburg-bridges-T-OR-D,0.000680394371983157,0.22119757672687576,0.0,0.015444015444015444,0.1895634502501345,0.04089483048052156,0.656039258259518,0.002166136275274161,0.34396074174048197,0.06278525413871523,1.0,0.7516852969086104,0.2948789202996272,0.8783002743036639,0.005586426160075918,3.7984283638356665e-05,0.16223002519334878,6.545076872924434e-05,0.6355395818569833,0.0027332080003593536,0.837932199392986,0.014148015297163056
breast-tissue,0.0007189072609633358,0.22642518033787745,0.04081632653061224,0.023166023166023165,0.24578928575595996,0.050135293518665185,0.6779291285880876,0.001750600161688805,0.3220708714119125,0.36648758807149145,0.3554773511332234,0.053038791648610806,0.21852495967562455,0.19959271691513844,0.01791802476626901,0.0005011323939297558,0.19852553029899997,0.00109317311910832,0.721324184721038,0.021213298344076745,0.9134054312641914,0.036045068184396976
ecoli,0.0024391496354113176,0.3494009691832908,0.061224489795918366,0.015444015444015444,0.1895634502501345,0.012534861512169537,0.5292693449076777,0.007238968236172626,0.4707306550923223,0.3088044923430167,0.14127162169741642,0.22065848127910792,0.009815868088674257,0.43599166028643327,0.00931384135684903,0.0024753130308049153,0.16249064984161618,0.006485386261000604,0.6732304738873807,0.050262436781008314,0.8749677460379577,0.12431313533049225
oocytes_merluccius_nucleus_4d,0.007676902536715621,0.4712039316962024,0.0,0.14671814671814673,0.5850372353865494,0.024072797451698952,0.5991524417764255,0.0037384703404200093,0.4008475582235747,0.11272063957419323,1.0,0.34137092567669175,0.6797757683197665,0.6772040992947326,0.008482053872091328,0.0002974335840879959,0.15121055907697675,0.0005133617139427003,0.6929296287359255,0.0139857359014539,0.7609421195606987,0.03778620011554564
plant-margin,0.012195748177056587,0.5210708973174042,1.0,0.23552123552123552,0.6846653551991139,0.02376886926073382,0.597789686881208,0.0037872671094937665,0.402210313118792,0.9991840776886507,0.014919709330312128,0.002401224926160818,0.012241652391744906,0.00037180133367088503,0.019478968829467525,0.0017671376941786345,0.23899464399973014,0.0018753674546221541,0.7278099342247923,0.039818198925544335,0.908315322340309,0.039596057711402254
conn-bench-vowel-deterding,0.005378966827564958,0.4330828582266494,0.09183673469387756,0.03088803088803089,0.2906847483486728,0.00910868322625661,0.495188362060974,0.009968939517054281,0.5048116379390261,0.5061952150730428,0.177697041403308,0.01125924208851785,0.15432322151715494,0.0925370698314903,0.0058725751248568355,2.3147250500656304e-05,0.08384237748167786,4.4371869052568636e-05,0.656792688612117,0.0017704652241538983,0.8709415308034216,0.0030822410356911184
optical,0.039180445722501796,0.6475243861140602,0.08163265306122448,0.2277992277992278,0.6775623126035475,0.007144327755245707,0.46933172890376207,0.012699996662173986,0.530668271096238,0.48548265601240076,0.19579026643597003,0.0024586329995368167,0.19453929767850728,0.09385219606140198,0.00710951622761047,0.027965200405072443,0.0,0.03277780109446486,0.6752591432840911,0.16197195061610464,0.8247368803335301,0.2279932030183558
magic,0.1464003286433193,0.7908476076595954,0.0,0.02702702702702703,0.2693612830452056,0.0002204128268001855,0.13116183712975882,0.2957016697557594,0.8688381628702412,0.11467095453876128,1.0,0.3120916530781359,0.7072413320176538,0.6628542602591541,0.017691735683729653,0.00024172794092931326,0.20622027198465004,0.0005158264427757086,0.6799935198132556,0.01277330456790538,0.8314870811794711,0.030841220289274756
miniboone,1.0,1.0,0.0,0.18146718146718147,0.629436078353859,0.0001366711382413135,0.09763620589011822,0.4037552122011278,0.9023637941098819,0.10204854396354822,1.0,0.4681270640656866,0.560871686571254,0.7393276115184682,1.0,1.0,1.0,1.0,0.0,1.0,0.18665831730066104,1.0
heart-switzerland,0.0008472835575639314,0.24223368569951423,0.030612244897959183,0.03474903474903475,0.31015154698502456,0.05782784918140664,0.6932721092533584,0.0015058041343786193,0.30672789074664164,0.2785387434052952,0.4561707322644827,0.22435304706229314,0.10785119982658996,0.42514836765702024,0.007508361107198329,0.0004220921941594172,0.09779635715585971,0.001008453584641065,0.663156978164011,0.021104312759583223,0.7169822080715205,0.06323320296034525
breast-cancer-wisc-prog,0.0015276779295470885,0.30104621650443913,0.0,0.11583011583011583,0.5364740341046325,0.09271692053368286,0.7440362408411391,0.0009049411582536189,0.2559637591588609,0.09156212894554445,1.0,0.5625595551573003,0.47228899378891614,0.7856092393672524,0.013249929986866811,0.0002949028327051968,0.16771962776915317,0.00034228960097709693,0.6944484783694622,0.014101275270351451,0.8655971844719845,0.017477158709328023
ringnorm,0.05667813494916299,0.6876388967173599,0.0,0.06563706563706563,0.4244370565377179,0.0015225144862353723,0.3078476934085284,0.057228579833332995,0.6921523065914715,0.1244093844694347,1.0,0.011331278773101512,0.9893706826237497,0.5154507843500165,0.011382337688346787,3.9403962651599875e-05,0.31759515528794324,7.402336700207309e-06,0.6458858744671019,0.0,0.8666906931087061,0.00015402240852818163
lung-cancer,0.0001540515559207148,0.0997726024261926,0.01020408163265306,0.20463320463320464,0.6547907707276716,1.0,1.0,0.0,0.0,0.21481971223780164,0.698174747561613,0.043533305967511024,0.5998848032026454,0.3531118093688574,0.004392378278046987,0.00019365409529196326,0.0,0.0003246092710880296,0.6487328768758053,0.01433041015415568,0.7756816470829463,0.03175649487085779
steel-plates,0.014673410701448085,0.5410559590437348,0.05102040816326531,0.09266409266409266,0.49157857151191964,0.008286013723951342,0.48510390418569477,0.010956850757393426,0.5148960958143053,0.3427215574051484,0.19320967916245638,0.17443011764921612,0.04837930861463852,0.3496155737691417,0.007071378076681847,0.013378793973330003,0.0938481285902365,0.021171621514444516,0.6857835868284357,0.11358073933271953,0.8427237373434361,0.17879761707354738
plant-shape,0.012555201807538257,0.5242077910594892,1.0,0.23552123552123552,0.6846653551991139,0.023091262468404445,0.594687867652725,0.0039006652692036314,0.40531213234727503,1.0,0.014323252201403812,0.0020510522162046478,0.011885839653354302,0.0,0.024868950667449274,0.000138339466309188,0.2228717413055545,0.00023913873911582693,0.7286532913335176,0.009330681099080815,0.8895430237320058,0.016666682424200698
echocardiogram,0.0008986340762041696,0.24796592996278238,0.0,0.02702702702702703,0.2693612830452056,0.04569921441099074,0.6679733982226029,0.001929157263962117,0.3320266017773972,0.11171608032796586,1.0,0.3554480997225126,0.6665706693355378,0.6841033682799712,0.010170505003908526,0.00014224958358320113,0.23160373989710178,0.00030077176455134874,0.6711974422413466,0.006505593237267256,0.7666198549343792,0.03322635479309683
lymphography,0.001065523261784944,0.26475101133174317,0.02040816326530612,0.05791505791505792,0.4008650592484721,0.07055761162265947,0.7146629814623312,0.0012178088081313424,0.2853370185376688,0.15449097624679387,0.43615065334266,0.414710408117937,0.021696301720363225,0.5615848212593472,0.00516363651752376,0.0005339276841523888,0.08317236291882621,0.0008955445091885828,0.660168509911544,0.022686850648970247,0.8167746834802165,0.04352290078855364
energy-y2,0.005802608606346924,0.44118871298278295,0.01020408163265306,0.019305019305019305,0.21943803472157702,0.006119185166416132,0.45288523037887696,0.014811188207002814,0.547114769621123,0.20248756323534298,0.5100807540106823,0.2149837697168525,0.4911578073712721,0.5076250380069838,0.0031330952891198533,2.5396677515342266e-05,0.08365473334341797,5.6664161958895004e-05,0.6550678766410758,0.0028485909304146457,0.8731585312952889,0.0064609461704427254
musk-1,0.0035046728971962616,0.38752113516252246,0.0,0.6293436293436293,0.8979006585979424,0.21090815021575604,0.8324669670225825,0.0003461892183323549,0.16753303297741753,0.12287135758042735,1.0,0.12522902977575845,0.8825284515762155,0.5712723690522031,0.006239000533137227,0.002968738519289822,0.11679472524475462,0.0018498613252328224,0.6553854298195814,0.053087822154071686,0.8033583541510846,0.04183619152968603
plant-texture,0.012093047139776112,0.5201577892836171,1.0,0.23552123552123552,0.6846653551991139,0.023969807695993002,0.5986925851907318,0.0037548676352909473,0.40130741480926835,0.9998516410403941,0.015096584718682304,0.002122549759763675,0.012347166233871299,0.0004820564847393287,0.04471183946198616,0.0022011330434755657,0.3416049018065115,0.0021024076588147395,0.7685656095040304,0.0377110611994301,0.9223162692664117,0.03645502075297891
statlog-australian-credit,0.005186402382664065,0.4291889691196319,0.0,0.04247104247104247,0.3446392237426468,0.012044475825238921,0.525004629307972,0.007535192000312682,0.47499537069202813,0.11042471385522142,1.0,0.372702837191739,0.6503847777608994,0.6925599739952738,0.009483100137267796,0.0016683477220699162,0.08361383140807135,0.0032659265563291214,0.6755156471101855,0.038631510638590015,0.8163262189810592,0.07479651779374896
vertebral-column-2clases,0.002131046523569888,0.33533142742618255,0.0,0.011583011583011582,0.15507577349251225,0.012223841033389651,0.5265841685273797,0.00742410808876016,0.4734158314726204,0.10888343534028497,1.0,0.3922185695508509,0.6320779593972093,0.7021246643239667,0.012755215121892672,0.0005344162100822992,0.26922223332458944,0.0014274896135593241,0.6892378844717769,0.018299316937999077,0.873109019995171,0.042636186559146604
abalone,0.03202988600184862,0.6256461767002366,0.01020408163265306,0.019305019305019305,0.21943803472157702,0.0010490230991343401,0.2704902387602931,0.08100331400336133,0.7295097612397069,0.21514800532891007,0.6828604216221276,0.028479056000027324,0.623143570949055,0.3489149996390633,0.008026499985190975,0.001349596305632495,0.12189384653818197,0.003323919297408368,0.6793753308415468,0.017226481980578242,0.8538457938253405,0.03897184260861074
blood,0.0055330183834856736,0.4361007186870696,0.0,0.003861003861003861,0.06436226122906469,0.0031618803500690494,0.383285182644307,0.02835416842378101,0.6167148173556931,0.093505929143938,1.0,0.546531740443827,0.4873238862444855,0.7777539623761397,0.05866023165688642,0.0002662233587510224,0.24063041094346704,0.0008330275486622568,0.7658035425857661,0.01365487692724769,0.9130912669109815,0.0328930907914872
credit-approval,0.005263428160624422,0.4307632735781485,0.0,0.04633204633204633,0.36007479530865305,0.0127247476992141,0.5308763895538416,0.007130352855987939,0.46912361044615847,0.12358894839414174,1.0,0.09183827720351048,0.9138507715556473,0.5549074682413241,0.012717318673190524,0.0013893478015832527,0.08471799337428708,0.0027176127627862004,0.7120074138554889,0.0352320864861908,0.8427584193870257,0.0646890336862238
molec-biol-splice,0.024455684502413474,0.5963753319133688,0.01020408163265306,0.22007722007722008,0.6702263422936774,0.01111002028272304,0.5163783908023446,0.008171455960371844,0.48362160919765534,0.19922338625016975,0.483021055245482,0.2412402852229683,0.47763316527496613,0.5287476128078641,0.0028367869223697283,2.0767319427869063e-05,0.13568054290528891,1.1499039106323504e-05,0.6561839027109142,0.0029848626076545456,0.8505680949831451,0.00330029642973195
wine-quality-white,0.03762709253363459,0.64313126258086,0.05102040816326531,0.03088803088803089,0.2906847483486728,0.0012442572585102513,0.2874885694932524,0.06915983347885826,0.7125114305067476,0.2581285794665664,0.06717275809063182,0.262680231737145,0.0017540472172347435,0.4553059812999896,0.0218900650235293,0.0005335553153501596,0.1951769046761368,0.0010887425030038623,0.7010312100658064,0.019215154739364203,0.8978145250143688,0.031336808281706985
bank,0.034430522748279756,0.6334916493243248,0.0,0.05019305019305019,0.37451380821408925,0.002031896499465752,0.3373636403269271,0.04348472287649732,0.6626363596730729,0.04805516124220866,1.0,0.8253266842789485,0.22579935757868067,0.9143920841384545,0.01188954176484511,0.000680012215873435,0.08895627114401713,0.0018076278096320073,0.6772876985729174,0.021870134888396123,0.5798363492970828,0.07377234367879898
car,0.01306870699394064,0.528537884260541,0.02040816326530612,0.011583011583011582,0.15507577349251225,0.0019961781311964035,0.3355380088071175,0.04422991078316215,0.6644619911928825,0.15637776245561053,0.26259719783734725,0.46970834028827013,0.06990760165272414,0.7167033347316909,0.002418869328877998,7.527523299643822e-06,0.12332194902809632,7.267613660980785e-06,0.6557535099097848,0.0008380748113655238,0.8621349050457198,0.00333557904574647
low-res-spect,0.003953989935298346,0.4003031707928543,0.07142857142857142,0.3745173745173745,0.7845118518463711,0.11293778381763639,0.7652588035976176,0.000726488781553488,0.2347411964023825,0.28311416024096164,0.02575397104783109,0.24774999368550166,0.006042885579534559,0.5132049598732654,0.021271584998479667,0.003080886952842847,0.15080667750334267,0.0021485228477259,0.7137312178898036,0.05307097712686569,0.8051239439754011,0.05106985834334837
horse-colic,0.002901304303173462,0.3675910699809694,0.0,0.08494208494208494,0.47436030486134645,0.03806725035477666,0.6483428375788439,0.002333502702013293,0.35165716242115613,0.11793458031659382,1.0,0.25519348386917584,0.7606148395229503,0.6349682948347691,0.005253094570118062,0.0007435536905637722,0.10895993148665435,0.0011112348305202346,0.6700104789549117,0.026475066088125138,0.8131090883462777,0.042879517109071986
hill-valley,0.006059361199548115,0.445822922782257,0.0,0.3745173745173745,0.7845118518463711,0.07431907962179356,0.7202480210829845,0.0011515698830944687,0.27975197891701553,0.12398357003310582,1.0,0.06664651308009004,0.93748199677405,0.5425609161023813,0.04156151076567484,0.0001578999201586919,0.9321560680044152,4.2227175952461254e-05,0.7763414912736566,0.011888013531363126,1.0,0.0005965198998396378
statlog-shuttle,0.445696826537948,0.9120201439377503,0.05102040816326531,0.023166023166023165,0.24578928575595996,0.0,0.0,1.0,1.0,0.11840660001008077,0.0,0.4356539137170768,0.0,0.8079729736007181,0.05164495200243904,0.07601901471637175,0.29943491632770003,0.19804207064427393,0.6926780232284856,0.04200953788434566,0.0,0.20389376451947136
hayes-roth,0.001155386669405361,0.2728204427742956,0.01020408163265306,0.0,0.0,0.010841386741996617,0.5137650481331725,0.008374492665376175,0.48623495186682764,0.20597630185796886,0.7536120461687396,0.17158532379354205,0.4079927997716336,0.42457186585953866,0.005831117344053363,2.033957632197335e-05,0.21127776023565925,1.019709492076864e-05,0.6872896397382076,0.0036420333719288764,0.9053025655264458,0.002041165895978511
cardiotocography-3clases,0.016226763890315292,0.5519402806466834,0.01020408163265306,0.0694980694980695,0.4353527360060946,0.005804202302045229,0.4472822607256289,0.015607289573129214,0.5527177392743711,0.11797570395169377,0.26125581956757704,0.5905624451750987,0.16485384988579907,0.807362362035676,0.01101030408543822,0.004034731088666089,0.14373511946730216,0.006211840130381278,0.6897467771083914,0.06411463569704402,0.8378498671501211,0.09773458753207977
breast-cancer-wisc,0.005109376604703708,0.4275915689077692,0.0,0.023166023166023165,0.24578928575595996,0.007825122833502717,0.47901203942465026,0.011600040319345676,0.5209879605753497,0.11513580670778667,1.0,0.30466975802932283,0.7142034308590324,0.6592167572659343,0.00806442408603378,0.00021217312605722105,0.17256642698639987,0.0004431160087734523,0.7044608794241386,0.014180803399504912,0.9020366338061826,0.021621065026284844
adult,0.3336628324946082,0.8805047698378132,0.0,0.04247104247104247,0.3446392237426468,9.976296534173638e-05,0.07873512071590391,0.48125253281603897,0.9212648792840962,0.09234148184365433,1.0,0.5562020013858638,0.47825275516594606,0.7824933821891634,0.01090951123640732,0.001996652817408507,0.1273622369937454,0.003689532911721298,0.702784297035907,0.04331142321017981,0.8661998188289477,0.07388655656707943
glass,0.0014891650405669098,0.29844320422357257,0.04081632653061224,0.023166023166023165,0.24578928575595996,0.025831488625943116,0.6067163589972661,0.0034785721191724654,0.39328364100273394,0.31064486232292227,0.1967553949523323,0.20619803291467087,0.09651401501102137,0.3665987491613368,0.018733439437765904,0.00046595764551402485,0.19151244580593718,0.0009905025821918985,0.7082896648799781,0.020246602765964714,0.8361094764682334,0.04728925944220352
fertility,0.0006290438533429188,0.21381254411154116,0.0,0.023166023166023165,0.24578928575595996,0.05630362762594084,0.6904007392913261,0.0015490034333157112,0.30959926070867394,0.052478520922539976,1.0,0.8044350879009627,0.245396734822536,0.9041531106786066,0.00314041236956465,5.0029188913186504e-05,0.08360656039801709,0.000122282769749357,0.663658382470724,0.004363868654537511,0.7947223698398851,0.019864089999835823
mammographic,0.0072789360172537745,0.46548625529634974,0.0,0.007722007722007722,0.11428550955269333,0.003013307620061182,0.3782540786801783,0.029714946340299392,0.6217459213198219,0.12413658665531666,1.0,0.05378085194222733,0.9495507039836371,0.5362554374269494,0.00823755194189085,0.005737853142712542,0.12114951944832943,0.018112105783417796,0.6447121904856922,0.07155098615653274,0.7831849136440182,0.22039648017645108
statlog-german-credit,0.007676902536715621,0.4712039316962024,0.0,0.08108108108108109,0.4652273204775369,0.014053010977897091,0.5414931973102713,0.006452123862675601,0.45850680268972877,0.10602405204172421,1.0,0.42583381265094683,0.6005450551707661,0.7185995886042739,0.008767750956408846,0.00047615219639241435,0.09472361428569598,0.0008415294760179552,0.6958454679144034,0.02249002710890815,0.7522046015108413,0.049068152414176065
oocytes_merluccius_states_2f,0.00801068090787717,0.47577823090548016,0.01020408163265306,0.08494208494208494,0.47436030486134645,0.014036224291697503,0.5413653485015213,0.006459899736484277,0.45863465149847876,0.1373972703235234,0.4874064929617988,0.5013405612541844,0.1073378783663198,0.7199368783954817,0.007917811118196444,0.0001641913320053511,0.16692673714245057,0.00035890814508285124,0.6601218290892871,0.011562732572956836,0.7648659043557497,0.03457340006730278
congressional-voting,0.0033506213412755467,0.38276892667288037,0.0,0.05019305019305019,0.37451380821408925,0.021152094331301427,0.5852829599086351,0.004265159353985341,0.41471704009136495,0.11898148600914057,1.0,0.2338822317747174,0.7806059741318463,0.6245236036534878,0.08878319054095218,0.000644778311551195,0.2097521000199342,0.001183044397472678,0.851660663387485,0.026022447753726887,0.9310475690204261,0.03553662033297118
soybean,0.003081031118414296,0.3739182643361985,0.16326530612244897,0.12355212355212356,0.5496382455587876,0.05031532170305572,0.6783143525856072,0.0017440174113745814,0.3216856474143928,0.5600365024622769,0.0669380985988512,0.06416886460645933,0.0077787872703179075,0.13057761429767445,0.009391206389662335,0.001538143710979447,0.08411943701630757,0.0018590764788002957,0.7107022716483481,0.0397895593060072,0.7772659986572091,0.055361046979730134
planning,0.0013094382253260757,0.28539835168573524,0.0,0.03474903474903475,0.31015154698502456,0.038872075655250145,0.6505900798461048,0.002283391515246267,0.3494099201538952,0.10037227967307515,1.0,0.4847019255669409,0.5453236291626763,0.7474510317782208,0.00840812660173391,4.792155009047891e-05,0.20612575886910997,5.7009025804765215e-05,0.6513292876731649,0.0025512237409281192,0.8406003522925363,0.009005527667358463
pittsburg-bridges-MATERIAL,0.0006675567423230974,0.21939774244437943,0.01020408163265306,0.015444015444015444,0.1895634502501345,0.041577953820635144,0.6578189680758343,0.002129108304756654,0.34218103192416577,0.13382679518948665,0.2622049817936504,0.5443115987851355,0.2331124947553765,0.7712063822272098,0.005288036770656958,2.832479407794206e-05,0.15628409162289905,5.178938583741992e-05,0.636913676130407,0.0018847935259158292,0.8269255248948773,0.013951368402579503
statlog-vehicle,0.006495840607990141,0.45327487386426923,0.02040816326530612,0.05791505791505792,0.4008650592484721,0.012415536145602625,0.5282470586065648,0.007308909958261249,0.4717529413934351,0.27968488155435095,0.49500054036147945,0.02053747886216066,0.47066468689949076,0.2658731974141385,0.005717006652915899,0.0007262661114383958,0.16641211788538676,0.0013511623394517277,0.679322075741086,0.02397186021472899,0.8708106394369899,0.040163753890779356
zoo,0.0006932320016432166,0.22296814411094676,0.05102040816326531,0.05019305019305019,0.37451380821408925,0.09208186048165957,0.7432969638346207,0.0009118137739936107,0.2567030361653794,0.3490379800034091,0.18864182095765622,0.17675710017023527,0.09651401501102137,0.37502806706259095,0.00530694127881347,0.00011482884986899254,0.08132504563710553,0.00021251948537516269,0.6748621904818887,0.01140258529778547,0.8039398651075113,0.030026554353923086
arrhythmia,0.003235082674335011,0.3790635125960397,0.11224489795918367,1.0,1.0,0.3598308549647625,0.8899659465748136,0.00016464727348433473,0.11003405342518646,0.35657372073178417,0.0558287350760864,0.20548955069625321,0.007406471865928576,0.5259778373810056,0.04091843368096257,0.0032711284305654326,0.0,0.007387059793045585,0.6860178812189415,0.05771079354815085,0.2090521257073838,0.15135858527929716
lenses,7.70257779603574e-05,0.06093516127452195,0.01020408163265306,0.003861003861003861,0.06436226122906469,0.10195769231108315,0.7542559057626701,0.0008146153513851547,0.24574409423732993,0.16906237308571107,0.4250947843882738,0.4078100771483384,0.285508547336674,0.6592167572659343,0.0,0.0,0.07847671257725294,8.116376948472805e-06,0.6619692785251358,0.0015641021160544308,0.8686864564132465,0.005196335259045168
ozone,0.019705761528191434,0.5729706054537683,0.0,0.26640926640926643,0.7110166062334966,0.016574096362636227,0.559151982909298,0.0054621399287005865,0.4408480170907019,0.0,1.0,1.0,0.061946330641600954,1.0,0.007505843512972166,0.0010709297737315205,0.1627776544354523,0.000950277978404526,0.6453417153625233,0.02754736151294947,0.6792938792090416,0.03630079371041152
seeds,0.001540515559207148,0.3019002404505032,0.01020408163265306,0.015444015444015444,0.1895634502501345,0.019440488080079157,0.5762389542934194,0.004647010299947132,0.4237610457065806,0.2153361942350498,0.6541585786568516,0.013604162503816788,0.6561509822572748,0.3465790879953854,0.004101662948048531,1.5494911531806512e-05,0.14982361891670842,2.0773887326394214e-05,0.671131269177494,0.002556590895096176,0.8607040676500841,0.007372591528124823
cylinder-bands,0.0037742631200575125,0.39536891259482426,0.0,0.12355212355212356,0.5496382455587876,0.04130199008721177,0.6571035502114713,0.002143919492963657,0.3428964497885288,0.11761766668065303,1.0,0.2612896488698486,0.7548963324777663,0.6379560612692883,0.01691311642793415,0.0018846887073919881,0.0867849131869442,0.002996841085187672,0.6502881709034861,0.043984353533786,0.400717816001308,0.0913463263741489
wine,0.0011810619287254802,0.27502026496501103,0.01020408163265306,0.03861003861003861,0.32805926579718414,0.04634029939171273,0.6694703239172027,0.0019012438708027651,0.3305296760827973,0.21173482173657016,0.577444646586258,0.11318662978460325,0.5798790016275077,0.4262783510526891,0.00780799021595011,5.230270637015582e-05,0.1499427593238786,8.468133885756131e-05,0.6650876110588264,0.005129340343269925,0.870277378569871,0.01027291183344417
tic-tac-toe,0.007253260757933655,0.4651068559754515,0.0,0.023166023166023165,0.24578928575595996,0.005517523023928523,0.4419162216009815,0.016409562267675204,0.5580837783990186,0.11427761689438179,1.0,0.31822840165171096,0.7014847266333308,0.665861900695229,0.00140486670399775,2.376506212974475e-06,0.10620516010163229,0.0,0.6630890958591428,0.0015165848848311047,0.8816597172760025,0.0007073129219535173
acute-nephritis,0.0008344459279038719,0.24075220033019937,0.0,0.011583011583011582,0.15507577349251225,0.02926435482692425,0.6201058780088036,0.003060978896113915,0.37989412199119643,0.12186521293661517,1.0,0.16068202784114,0.8492716422200772,0.5886479780989436,0.0011132963818925579,2.7606642275811887e-05,0.0822803722308468,7.834464545608789e-05,0.658832107641514,0.006130787967170606,0.849513171122868,0.017476857818859222
connect-4,0.5187557769333471,0.9285451064514916,0.0,0.15057915057915058,0.5904285094986066,0.0002785953890164832,0.14951951378867898,0.24933401080805323,0.850480486211321,0.09421101896278138,1.0,0.5405726517414398,0.49291381884780056,0.7748334186616165,0.042112586130371464,0.016847331209781526,0.12056564532277356,0.029430609469610916,0.7860519961481742,0.12378655158721519,0.8596951905212631,0.20962616431260303
pima,0.005789770976686865,0.4409517433681772,0.0,0.019305019305019305,0.21943803472157702,0.006132718401912232,0.4531195503678804,0.014778788732799994,0.5468804496321197,0.11515631675957612,1.0,0.30433787608680163,0.714514716349872,0.6590540894977143,0.014472402621895418,0.00010652499864571446,0.15243434217830007,0.00025886668554001957,0.6753408100590969,0.008584192506206203,0.8032013672548192,0.030794660697775516
statlog-image,0.01749768922666119,0.5601013913865058,0.05102040816326531,0.05791505791505792,0.4008650592484721,0.004596829432535369,0.42261499918522955,0.019649509687957065,0.5773850008147706,0.40519450527757594,0.2830458029954298,0.011871171189330593,0.2609104351608022,0.14890571134687855,0.009998543508204772,0.005173104631385084,0.15077313671453862,0.009274920082194573,0.7085826368726924,0.06426498772377826,0.8418526819720591,0.11746365899463136
chess-krvkp,0.024712437095614666,0.5975078173680648,0.0,0.1274131274131274,0.5559408327409843,0.006559438890007054,0.4602579769391836,0.013824804214605888,0.5397420230608164,0.12417334470842818,1.0,0.05020035161643517,0.9529093796311128,0.5345006067002338,0.012661314493405637,0.02474754689397346,0.0847738779970182,0.029418414291257942,0.7234755652609806,0.1578209643863039,0.8336083625407692,0.18877266944620727
musk-2,0.05122214234363767,0.6766386504787636,0.0,0.6293436293436293,0.8979006585979424,0.014737645771534144,0.5465821580258194,0.006149989006856544,0.4534178419741808,0.06455172156369982,1.0,0.7420133730737746,0.3039516313562373,0.873560044578351,0.005721269091725506,0.0006858490135991717,0.1158659989302201,0.0006221010557052946,0.6603265517084251,0.02239887341820537,0.8193355682690955,0.029085246329693493
waveform,0.03830748690561775,0.6450773731362879,0.01020408163265306,0.0694980694980695,0.4353527360060946,0.0024143466092835064,0.35518656092764167,0.03683665933649991,0.6448134390723584,0.21537245417902268,0.6657594902870516,0.007846160236709645,0.6556495031798083,0.3408149110833315,0.006016038604491128,2.428831390126455e-05,0.19484940376115129,1.920303568319771e-05,0.6600392435080886,0.0017494931354032563,0.8700666598305531,0.0030537067084016292
flags,0.0014249768922666118,0.29396160481338995,0.061224489795918366,0.09652509652509653,0.4997149972351592,0.08394882250448721,0.7333511291533902,0.0010090121966020665,0.2666488708466098,0.3646080806012392,0.23064155983759885,0.15674216289859652,0.03333507789245309,0.32105205441397267,0.011238738996060465,0.0009816600829012576,0.08319161206665582,0.0020259825266671296,0.7063654065745691,0.029741669608413193,0.8277103640958647,0.060598765729899536
wall-following,0.04190202321043442,0.6548183785958371,0.02040816326530612,0.08108108108108109,0.4652273204775369,0.0025273023316340014,0.3599317964953426,0.03524445660424711,0.6400682035046574,0.23590650288942572,0.5341633767894403,0.2566526723001879,0.12077370631796153,0.4079931170538624,0.0075475439982892354,0.0001903227069112622,0.11716432490734772,0.0004019117826192377,0.7033875188568033,0.013847885323047494,0.8802930763411706,0.024773505876077843
pendigits,0.07687172640443668,0.7207705718759969,0.08163265306122448,0.05019305019305019,0.37451380821408925,0.0008605345909332349,0.25106060857931556,0.09704105373375659,0.7489393914206846,0.48531435515287347,0.1964414662024274,0.006618462213367843,0.18722425260376377,0.09692778346596223,0.004464216287759209,6.423266958843879e-05,0.11191493607279887,0.00010177405379229357,0.6599066709475507,0.004010815639887117,0.8151102863912375,0.015441473547498929
iris,0.0010783608914450035,0.26594105044396443,0.01020408163265306,0.003861003861003861,0.06436226122906469,0.01543681780548098,0.5515422465631876,0.0058689333270248644,0.4484577534368124,0.2153640852710172,0.6719291047238164,0.009463763082809095,0.6520737445075966,0.3394783066025222,0.0035403817191960204,2.170342164972873e-05,0.12991890840786752,5.210114010575454e-05,0.6567879521111271,0.0016005181119572542,0.8662218198115588,0.005932595341419538
cardiotocography-10clases,0.01627811440895553,0.5522821568927898,0.08163265306122448,0.0694980694980695,0.4353527360060946,0.005785717122646047,0.4469442070964262,0.015656660200485895,0.5530557929035739,0.4237938950764413,0.13662841459591035,0.12266601759915852,0.05145098720774854,0.2723435555413492,0.011808418567215262,0.0040475679203784976,0.14142827635318506,0.006232578741097161,0.6949093648682897,0.06421554195164308,0.8405929580367131,0.0979622261449498
statlog-landsat,0.04525264455170997,0.6631750527981857,0.04081632653061224,0.1274131274131274,0.5559408327409843,0.003546924283134336,0.3953249858066638,0.025344617264496973,0.6046750141933362,0.35365764301124103,0.3194052886687482,0.10676327938998979,0.19337088898975327,0.24407646408399367,0.005845353336085442,4.133850739873809e-05,0.17384907922973283,7.754993419158463e-05,0.6549594315091958,0.0039604551380412615,0.8508309909915548,0.01294822382195845
twonorm,0.05716596487624525,0.6885704028051738,0.0,0.06563706563706563,0.4244370565377179,0.0015087567620309095,0.30692660275892614,0.05772105184121584,0.693073397241074,0.12440959935832203,1.0,0.011234733380083092,0.9894611885373857,0.5154034356315762,0.007398842387654929,2.312798910293781e-05,0.23706306162042812,7.738807490675553e-07,0.657074217331229,0.0009507835015801015,0.8763701325361558,0.0002099756471660937
heart-cleveland,0.0021182088939098284,0.33470383205802895,0.030612244897959183,0.03861003861003861,0.32805926579718414,0.02674723892804525,0.6104540960004347,0.0033567279426832334,0.38954590399956535,0.2624587974818547,0.24979852959086737,0.2833757865370581,0.09222413606174927,0.5370855352223397,0.006034396330696543,7.054584253274273e-05,0.08411663277000565,0.00013658111448758856,0.6700652400417194,0.009173644673247513,0.843276641631607,0.021148704066818607
primary-tumor,0.002426312005751258,0.3488496389171415,0.1326530612244898,0.05405405405405406,0.3880771759728386,0.030729717399208403,0.6253504388990977,0.0029110519174498912,0.3746495611009024,0.5173385954831489,0.09605638439196178,0.08708217346560611,0.04033278213587361,0.24726172451516462,0.006091275822929859,0.00046008485474914563,0.10979884179820451,0.0007976928078059889,0.6167311579070925,0.001763288885721383,0.6275932424936594,0.03672135302452397
oocytes_trisopterus_nucleus_2f,0.007253260757933655,0.4651068559754515,0.0,0.08494208494208494,0.47436030486134645,0.015491021602101486,0.5519174037108611,0.005848197663535061,0.44808259628913905,0.12158071868679131,1.0,0.16934957566121786,0.8411410154463166,0.5928959680553149,0.012501626484085059,0.0002043678518812465,0.18487700315325478,0.00040684935894252266,0.6628765271343414,0.010485843437844875,0.7528666494279459,0.03640806757963423
post-operative,0.0006033685940227997,0.2099232915731094,0.01020408163265306,0.019305019305019305,0.21943803472157702,0.051860290849098115,0.6815648064154328,0.0016894011548612585,0.31843519358456723,0.12877957687447578,0.5061041432766916,0.5175805521001842,0.07246016801688028,0.7284466891180842,0.004999956934056371,0.00013087644431085418,0.08109317452859818,0.00031268882462378835,0.6530731007032697,0.012101984305180525,0.8317859154275258,0.030861156065359267
spect,0.0007830954092636335,0.23461607023689982,0.0,0.07335907335907337,0.4457605218411852,0.11378960677338772,0.766067187355612,0.0007203623355224097,0.23393281264438812,0.10935546204434143,1.0,0.3863566027765275,0.6375768196796553,0.6992517185316649,0.006387025545042926,0.00017540524492834925,0.08166433940930719,0.00029387531252425515,0.7083419025184713,0.01389157209692949,0.8807455545246307,0.019508309123807424
acute-inflammation,0.0008472835575639314,0.24223368569951423,0.0,0.011583011583011582,0.15507577349251225,0.028867639627556445,0.6186409575546596,0.0031041781950510057,0.38135904244534047,0.12409412515466713,1.0,0.05764022950257664,0.9459303481945612,0.538146894126743,0.0013471213455289008,2.0742992946253566e-05,0.08784119264755463,5.686150068499346e-05,0.6649133106713807,0.0054761667505219954,0.8486168764910245,0.0162328582610798
chess-krvk,0.2157748793262812,0.8330595198462253,0.16326530612244897,0.011583011583011582,0.15507577349251225,3.487152868868456e-05,0.034421317452151344,0.7263468409998375,0.9655786825478486,0.514039591119495,0.07019781540296136,0.08082711793442468,0.0018533832146818865,0.15783857663864928,0.003369300698405883,1.6848292269836115e-05,0.14646683594165627,2.7758754570207977e-05,0.655820313761427,0.003349411849695448,0.8502851173894904,0.010824729980002034
dermatology,0.0026830645989524495,0.3593783654980946,0.04081632653061224,0.11969111969111969,0.5431529494653508,0.055870477107106464,0.6895705887452018,0.0015617091094736794,0.3104294112547982,0.3496838243079781,0.3045501322494196,0.12128131103546899,0.12878137055309535,0.31000182919469255,0.009862945977920385,0.0002652345540620939,0.13155186109013714,0.0004321063714580314,0.711512104811591,0.016250385559186644,0.8606043492526321,0.02894938073582884
libras,0.0027472527472527475,0.36185882571770106,0.1326530612244898,0.3359073359073359,0.760939854557125,0.14470847784295726,0.7919291254376689,0.0005467796979751871,0.2080708745623311,0.5743741058222945,0.1298731746215366,0.013634368445899044,0.08081638137659726,0.06731969531115259,0.004785356990776882,2.0114882276577376e-05,0.1549052437162449,1.6307674762921514e-05,0.6484549825759163,0.0013176971737285706,0.8593412002398176,0.003314387658013717
mushroom,0.06266047037075075,0.6985461118651739,0.0,0.0694980694980695,0.4353527360060946,0.001441628125341987,0.3023156715867263,0.06025067936040354,0.6976843284132738,0.12430634926799854,1.0,0.03424343175321664,0.9678778533858976,0.5266800936366074,0.009438851000553678,0.0007601740517866798,0.09070531962318622,0.0013324741455564974,0.6432002253611695,0.010509316520556006,0.5689721239213288,0.05492541462175408
parkinsons,0.001360788743966314,0.28928760422416705,0.0,0.07335907335907337,0.4457605218411852,0.06883611597088186,0.7120069515569821,0.0012505355497503517,0.28799304844301793,0.08937464040328177,1.0,0.5799415488686891,0.45598367972085657,0.7941282083288163,0.01783135158904395,0.00021993840388663842,0.17510955789694987,0.0005143838832834614,0.7212716855853101,0.013650347243771357,0.8582888213675569,0.03009325792059899
waveform-noise,0.03814059772003697,0.6446032349112711,0.01020408163265306,0.14285714285714285,0.57951283003023,0.004703347063713876,0.4250333127672908,0.019211036803745585,0.5749666872327094,0.21532899483704585,0.668691350938742,0.014416259516353473,0.6457522820575361,0.344462911785837,0.007400041699713694,2.584893934883742e-05,0.19219893030822993,2.092841587344177e-05,0.657695020049516,0.0016572941002947511,0.8693609785326977,0.0022310837531229525
heart-hungarian,0.0022979357091506623,0.34317713268578465,0.0,0.03474903474903475,0.31015154698502456,0.022827809827555598,0.5934573400596647,0.003946564524324291,0.4065426599403354,0.11306218054442974,1.0,0.3364401339266894,0.6844011094054511,0.6747875079268705,0.014367573384126295,0.0001973160809614399,0.1322534734997122,0.0004420947945688404,0.6714979703155186,0.014738499975526126,0.837303143547133,0.03787724301170728
heart-va,0.0013479511143062546,0.2883282368292748,0.030612244897959183,0.03474903474903475,0.31015154698502456,0.03783761603804102,0.6476929545933262,0.002348190463651904,0.3523070454066737,0.3055932521574374,0.40347222962703705,0.14330079816157762,0.10593722780662283,0.29252510571370416,0.0040772025289538254,0.00031600574743484476,0.08255877379763533,0.0006192658642922354,0.6491870922235895,0.006733204282962689,0.6708176399091993,0.0396136319964141
audiology-std,0.0016945671151278629,0.31165788392596616,0.16326530612244897,0.21621621621621623,0.6664661353041788,0.15043156687383716,0.7961027085897838,0.0005224709399292307,0.20389729141021615,0.48101956248466915,0.03703375785362986,0.10844675610513115,0.014001777773438636,0.24112219998281811,0.06214510215680308,0.0017309142995857686,0.08281738539766452,0.004456856645697692,0.8197553762785456,0.04210236139428698,0.7316850275892748,0.10709422620466587
haberman-survival,0.0022594228201704837,0.3414161105565903,0.0,0.0,0.0,0.0057309504731217625,0.4459363682951608,0.015804772082555922,0.5540636317048392,0.097682668260477,1.0,0.5099907048786848,0.5216013614343116,0.7598451195384396,0.0054959213352851624,0.00018148548536950964,0.16148828201616014,0.0006884152468233207,0.6679551154450384,0.011687545585202186,0.8859599595505873,0.03894896637685481
energy-y1,0.005956660162267639,0.44399283777170534,0.01020408163265306,0.019305019305019305,0.21943803472157702,0.005961259189482829,0.4501124593179216,0.015199981897436638,0.5498875406820785,0.19959717809998695,0.6930590582021317,0.2244092034015416,0.3557466811470663,0.48332346401993664,0.0029895255945103266,2.3142851654302893e-05,0.08371175969500055,5.348600611844421e-05,0.6567806738333367,0.002463308953185988,0.8718537968021792,0.00569198706592516
page-blocks,0.04233850261887645,0.6559440118574144,0.030612244897959183,0.02702702702702703,0.2693612830452056,0.0009878169999942518,0.26455703692143495,0.08559755944532102,0.735442963078565,0.07024635806962891,0.04138989030615117,0.5860640954389007,0.010604376826185886,0.9218582917260687,0.4555595849438444,0.040543278697758124,0.32054216777212724,0.08800765769304705,0.9930695815804619,0.1997338097272131,0.8423225619812148,0.38873791531364166
conn-bench-sonar-mines-rocks,0.0014763274109068501,0.2975615192853783,0.0,0.22007722007722008,0.6702263422936774,0.17413958511313024,0.811851080014228,0.0004387814506324584,0.18814891998577205,0.1235236640239378,1.0,0.09536411554642073,0.9105433706682028,0.5566355095615538,0.008717498202201156,0.0003804549567783279,0.1567259006277666,0.00044818226798520216,0.6893503330371726,0.01571337476535824,0.8475000780797308,0.02333855780434675
semeion,0.011874807435555098,0.5181916313347914,0.08163265306122448,0.9768339768339769,0.9948169021841383,0.09791068298334149,0.7498990623578939,0.0008520772434321638,0.25010093764210606,0.4850767339300242,0.20203401543186933,0.009818471178382466,0.17982812186199446,0.09818839636872241,0.002397381171654858,0.0002509722266042234,0.0838645109971323,0.00015349321100574328,0.6873513578400807,0.01654726337041218,0.8534365422006553,0.014388676335441063
hepatitis,0.0010911985211050632,0.26711822401650787,0.0,0.06177606177606178,0.41296135913142845,0.0728788541466693,0.7181436545713393,0.0011761252740692366,0.28185634542866067,0.07914252971617236,1.0,0.6535658129375037,0.3869202148896873,0.8302116698369345,0.009185764220266065,0.0001666265304389985,0.08225429274023897,0.00032504750491939397,0.6422257951408222,0.011170018576895892,0.7687835711500519,0.03811965235195092
contrac,0.011374139878812776,0.5135421978379929,0.01020408163265306,0.023166023166023165,0.24578928575595996,0.003503160790123875,0.3940224492644296,0.02565421224021279,0.6059775507355704,0.2074886332865721,0.6758923427527013,0.1612590853496358,0.4472681331409512,0.44442384403117197,0.006171398820389622,0.00015065503556560924,0.13940995012287408,0.0003160161282300825,0.6361565631869176,0.01300761196437133,0.7966529952417801,0.037986901188341526
led-display,0.007522850980794906,0.4690261092014777,0.08163265306122448,0.015444015444015444,0.1895634502501345,0.004116573886527334,0.41098176807960807,0.02190204456110541,0.589018231920392,0.4840213618764165,0.19885892746220105,0.018118700164338752,0.1580066869963389,0.10693576059581476,0.0019051038689665224,3.6780792407411094e-05,0.1000401848495065,9.013443906355659e-05,0.6299566372923812,0.002215515055900461,0.8058395444580773,0.015688739915878755
breast-cancer-wisc-diag,0.004351956454760193,0.41049314201340376,0.0,0.10424710424710425,0.5151505688011655,0.030787192422192047,0.6255510266304073,0.002905461419940385,0.37444897336959276,0.11661616322379607,1.0,0.2796464573057667,0.7376765986485485,0.6469527538795353,0.016524985160175282,0.0007496603626278946,0.2050599950468998,0.001002827485400046,0.7081194016532483,0.020642959460742863,0.8959838637329068,0.02523543691663978
vertebral-column-3clases,0.0023236109684707817,0.3443355212164573,0.01020408163265306,0.011583011583011582,0.15507577349251225,0.011246348100081445,0.517680752106531,0.008072097572816532,0.48231924789346897,0.20480314789627144,0.65399222940141,0.18763471117035205,0.42311429291202274,0.4684196449786082,0.00858540950064874,3.765445915930758e-05,0.20613722623345174,4.713556635409622e-05,0.6739263941007136,0.004560449319562101,0.8590253434068924,0.0117795267385652
ilpd-indian-liver,0.0044033069734004315,0.41174114988653043,0.0,0.023166023166023165,0.24578928575595996,0.009065786941163135,0.49468523033959355,0.010016066024985653,0.5053147696604066,0.10296796605712252,1.0,0.4587406634187223,0.5696766360612369,0.734727309716335,0.03646192660132301,0.0008197796019490883,0.18917559725638952,0.0021425966620729144,0.7688044563236669,0.024941087839804987,0.8722367836490593,0.06628264087434708
monks-1,0.001039848002464825,0.262331189637652,0.0,0.011583011583011582,0.15507577349251225,0.023986705433087306,0.598768169604121,0.00375216767910738,0.4012318303958789,0.12327295693704635,1.0,0.10783254193119021,0.8988472997960505,0.5627462977828732,0.001899130347546595,5.730208135500994e-06,0.08217743636123563,2.1751357923445787e-05,0.6539874382647819,0.0010847257233581042,0.866966364204745,0.002863166393012489
image-segmentation,0.001951319708329054,0.3261977827640701,0.05102040816326531,0.05791505791505792,0.4008650592484721,0.040089720829673395,0.6539032641024758,0.0022113926836844484,0.3460967358975243,0.40481152051878133,0.2705890082548157,0.018396188377799536,0.2622875500094268,0.1636627182105698,0.010000874745675655,0.0018258289721767062,0.14776929818207923,0.00363746166744485,0.7093616656616931,0.04250590787312802,0.8406550858328425,0.08272728894891182
pittsburg-bridges-TYPE,0.000680394371983157,0.22119757672687576,0.04081632653061224,0.015444015444015444,0.1895634502501345,0.04089483048052156,0.656039258259518,0.002166136275274161,0.34396074174048197,0.331524759394329,0.2413135931767121,0.1826191231233693,0.16369359448010812,0.4156546381050423,0.005338811263367603,5.8817259756334724e-05,0.14925185312607764,0.00012884319836687041,0.645562868328364,0.0022202590157719237,0.8070992608712911,0.018864074109681824
thyroid,0.038320324535277804,0.6451137599352683,0.01020408163265306,0.0694980694980695,0.4353527360060946,0.0024135090160541123,0.3551505809799547,0.036849001993339084,0.6448494190200453,0.03824391854780478,0.09677645658807835,0.7745288148311341,0.04516439606614525,0.955336327701072,0.10985826619224426,0.03835498967236027,0.14490006347211204,0.058579611460520806,0.8501709469231361,0.19633362066784163,0.8718049380470182,0.2741705523925622
nursery,0.10005648557050426,0.7494392915573082,0.030612244897959183,0.019305019305019305,0.21943803472157702,0.0002736704406181209,0.14808129042204518,0.2526881278040974,0.8519187095779548,0.23599046168890872,0.6239757235929317,0.25836729454802165,0.0002247851267087449,0.3364057174309552,0.0021105647111092146,6.27787772938986e-06,0.08399178371857802,1.544799931627039e-05,0.6568465032874086,0.000671971808893825,0.8638808621053381,0.002434369667558684
wine-quality-red,0.012170072917736469,0.5208433371615713,0.04081632653061224,0.03088803088803089,0.2906847483486728,0.004017194818621516,0.4084091583509136,0.022433900864902327,0.5915908416490865,0.23383114946888822,0.15282664336088012,0.29479705112478516,0.0101752124879529,0.4289898439452045,0.01315401358048373,0.0005439707704456529,0.17578259203215876,0.0012323300305852665,0.6955160527161689,0.020814734004845188,0.882825949415427,0.04292236048937836
breast-cancer,0.002220909931190305,0.33962613882515696,0.0,0.023166023166023165,0.24578928575595996,0.017667558584630948,0.5659939026645114,0.005120145478781944,0.4340060973354886,0.10867929031702386,1.0,0.39472409956826815,0.6297276078679256,0.703352615956145,0.005480959632455396,9.77545907131862e-05,0.08391130184971295,0.0002226491383902146,0.6574835496873891,0.00958575879313048,0.7959256802920962,0.029114861937542078
letter,0.1531914347334908,0.7957815639112896,0.24489795918367346,0.05019305019305019,0.37451380821408925,0.00038601768657727393,0.17688833607894108,0.193348490801635,0.8231116639210591,0.6998005718039843,0.07168286030168755,0.0016139777327755537,0.07108330656096513,0.02920757095260944,0.010848296701332721,4.8251966801932236e-05,0.2143229814314027,5.662143047003822e-05,0.6673918183087546,0.004641481651935555,0.8666826218609968,0.01048273088565953
pittsburg-bridges-REL-L,0.0007189072609633358,0.22642518033787745,0.01020408163265306,0.015444015444015444,0.1895634502501345,0.038973546086452086,0.6508701059921181,0.002277220186826682,0.3491298940078819,0.1875037587749543,0.7484789662958921,0.28794586537885064,0.24978396128859956,0.5098972780845487,0.005489575896692392,5.4869714006499175e-05,0.15465970190701567,0.0001113617972885135,0.6388764612988467,0.0018413715028985317,0.8170608805463965,0.015345101610190816
monks-2,0.0016817294854678032,0.3108773250641702,0.0,0.011583011583011582,0.15507577349251225,0.015325095591583321,0.550764842518384,0.0059121326259619555,0.449235157481616,0.11879526627570387,1.0,0.2378177821845935,0.7769141914096108,0.626452440920471,0.002101771385300267,5.221622819660418e-06,0.0848962933632624,2.1567220155773053e-05,0.6567776549146228,0.0012015851383596699,0.87173439235826,0.0024881502738038383
balloons,0.0,0.0,0.0,0.003861003861003861,0.06436226122906469,0.17849538898911585,0.8145097334254422,0.0004258216609513309,0.1854902665745578,0.1244220515992712,1.0,0.0,1.0,0.5098972780845487,0.00013155015757768302,7.436803089336123e-06,0.06432267997492523,3.6904810006887604e-05,0.6399608118817801,0.0006392062282728637,0.8397948322431156,0.008536323918782864
spectf,0.0006547191126630379,0.21756765743382794,0.0,0.1583011583011583,0.6008362953336973,0.2662759111678765,0.8575561286371142,0.0002549880697001052,0.14244387136288583,0.12438982422049041,1.0,0.018073657398331406,0.9830459409739198,0.5187552264895767,0.020706750675502195,0.0003907175026701178,0.17863394967195126,0.0005542266931028311,0.5886335177684423,0.00026464364646885496,0.6794774794085646,0.023959855267805728
balance-scale,0.004852624011502516,0.4220910310650856,0.01020408163265306,0.003861003861003861,0.06436226122906469,0.0036087349216939965,0.3971382239086328,0.02491982415828223,0.6028617760913673,0.17854567757265202,0.9061683457538391,0.3169195926613754,0.18111133235358548,0.4638635456971768,0.0027387167794464527,6.856262301536639e-06,0.1360139177147604,2.443439065319109e-07,0.656193465115047,0.000686809138707782,0.8774968596916464,0.0
teaching,0.001065523261784944,0.26475101133174317,0.01020408163265306,0.007722007722007722,0.11428550955269333,0.019532480503971023,0.5767448439905027,0.004624793517636628,0.42325515600949726,0.2153636947426653,0.6572680624140279,0.009567762701781928,0.6592425521780773,0.3433486282283878,0.006519892241083009,6.499453449281563e-05,0.14526158089625635,0.00015626319266897977,0.6560354012543366,0.0040169790741649645,0.7833139733712914,0.032881172106471866
spambase,0.0348926774160419,0.6349392148892863,0.0,0.2084942084942085,0.6587506448873881,0.007375892038620647,0.47272295310418017,0.012303355221339029,0.5272770468958199,0.1193756725484975,1.0,0.22531703051210536,0.7886405501632697,0.620325765958096,0.37639850017618537,0.01642138517725998,0.852458386587306,0.023203728896101214,1.0,0.11063546503604473,0.9547244625973216,0.15642921997994794
annealing,0.00798500564855705,0.4754331038497144,0.030612244897959183,0.10810810810810811,0.5224865391110353,0.017482753014587814,0.5648676572117408,0.005174957492487072,0.4351323427882593,0.15104599438762495,0.15361176507207966,0.48199873602170074,0.01876505485737894,0.7902861090311788,0.03491673530636444,0.003989849776630545,0.08374679274344383,0.0073039386355087344,0.6842429283255288,0.03671751875249716,0.1382691437709515,0.15123333498709013
