1.22289,-0.294392,0.520404,-0.00474753,0.174117,0.829273,1.15862,-1.32638,1.376,1.57499,1.10045,1.65192,-1.16123,-1.02706,-0.420183,0.712421,1.28531,0.188099,-0.494616,-0.797617,-0.559929,0.611467,1.41533,-0.138902,0.700639
-0.79286,-0.294392,0.566136,0.648038,-0.228078,-1.45313,-1.24405,0.878131,-0.275199,0.35878,1.10045,0.12,-1.16123,-1.02706,-0.420183,1.31617,-0.111766,0.483853,2.33986,0.942638,0.530842,1.96029,-0.26852,-0.138902,0.700639
1.22289,-0.294392,0.507338,-0.776221,-0.0269805,-0.692329,-0.443161,0.327003,-0.275199,0.35878,0.371675,-0.645958,-1.16123,-1.02706,-0.420183,-0.495072,-0.577456,-0.521709,-0.557522,-0.797617,-0.559929,-0.737357,-0.677446,-0.138902,-1.42251
-0.79286,3.38551,0.559603,2.90311,2.98948,1.59007,-0.443161,1.98039,1.376,-0.249322,1.10045,1.65192,-0.14853,0.980219,2.10596,0.712421,-1.04315,0.365551,-0.53902,1.81277,2.33061,0.611467,-0.26852,-0.138902,-1.42251
1.22289,-0.294392,0.442007,1.12279,0.526036,-1.45313,-1.24405,1.98039,1.376,-1.46553,-1.81465,-1.41192,-1.16123,-1.02706,-0.420183,-1.09882,-1.04315,1.90347,-0.531619,-0.797617,-0.559929,0.611467,0.118922,-0.138902,0.700639
1.22289,-0.294392,-1.99484,-1.9631,-1.23356,0.0684721,-0.443161,0.327003,-0.275199,-0.249322,0.371675,0.12,0.864172,-0.0234182,-0.420183,0.712421,0.353925,-2.47368,-0.805446,-0.797617,-0.559929,-0.737357,-0.677446,-0.138902,0.700639
-0.79286,-0.294392,0.481206,-0.538845,-0.429175,-0.692329,-0.443161,-0.775254,-0.275199,0.35878,0.371675,0.885959,-0.14853,-0.0234182,-0.420183,0.712421,1.28531,-0.285106,-0.546421,-0.797617,-0.559929,-0.737357,-0.0988756,-0.138902,0.700639
-0.79286,-0.294392,-1.99484,-0.18278,-1.23356,0.829273,-1.24405,-1.32638,-0.275199,-1.46553,1.10045,0.12,0.864172,-0.0234182,-0.420183,0.712421,0.819616,0.128948,-0.498316,-0.797617,-0.559929,0.611467,-0.26852,-0.138902,0.700639
1.22289,-0.294392,-1.99484,0.410661,0.576311,0.829273,1.95952,0.327003,-0.275199,0.966883,1.10045,1.65192,0.864172,-0.0234182,-0.420183,0.712421,1.28531,-0.225956,-0.576024,-0.797617,-0.559929,1.96029,-0.0838742,-0.138902,0.700639
1.22289,3.38551,0.507338,0.707382,-1.23356,-0.692329,-1.24405,-0.775254,-0.275199,1.57499,0.371675,-0.645958,0.864172,-0.0234182,-0.420183,0.712421,-1.04315,-0.107654,-0.576024,0.0725106,0.639919,-0.737357,-0.677446,-0.138902,-1.42251
-0.79286,-0.294392,0.494272,-0.00474753,-0.630272,0.829273,1.15862,1.42926,-0.275199,0.35878,0.371675,-0.645958,0.864172,-0.0234182,1.09551,0.108674,1.28531,0.128948,-0.583424,0.942638,1.40346,-0.737357,-0.284077,-0.138902,-1.42251
1.22289,-0.294392,0.559603,0.173285,1.3807,0.0684721,-1.24405,-0.224126,-0.275199,-0.249322,-1.08587,0.12,-0.14853,-0.0234182,-0.420183,1.31617,0.819616,0.483853,-0.516818,-0.797617,-0.559929,-0.737357,-0.286485,-0.138902,0.700639
-0.79286,-0.294392,0.435474,-0.716877,-0.630272,0.0684721,-0.443161,-0.775254,-0.275199,0.35878,0.371675,0.885959,1.87687,-0.0234182,-0.420183,1.31617,1.28531,-2.47368,-0.546421,-0.797617,-0.559929,-0.737357,0.0863263,-0.138902,0.700639
1.22289,3.38551,0.487739,0.766726,0.174117,-0.692329,-0.443161,-0.224126,-0.275199,-0.857425,0.371675,0.12,1.87687,-1.02706,3.21747,-0.495072,-0.577456,-0.285106,-0.579724,0.0725106,-0.559929,0.611467,-0.677446,-0.138902,-1.42251
-0.79286,-0.294392,0.500805,0.291973,0.174117,0.829273,-0.443161,-0.775254,-0.275199,0.35878,1.10045,-0.645958,0.864172,0.980219,-0.420183,1.31617,0.819616,0.24725,2.19185,0.0725106,0.530842,-0.737357,-0.2863,-0.138902,0.700639
-0.79286,-0.294392,0.461607,0.885414,1.1796,0.829273,-0.443161,0.878131,-0.275199,1.57499,0.371675,0.885959,0.864172,1.98386,1.85335,1.31617,-1.04315,0.188099,-0.553821,-0.797617,-0.559929,0.611467,-0.0835038,-0.138902,0.700639
-0.79286,3.38551,-1.99484,1.83492,0.576311,0.829273,1.15862,0.878131,1.376,0.966883,1.10045,0.885959,1.87687,-1.02706,-0.420183,1.31617,1.28531,0.661305,-0.516818,1.81277,2.00338,0.611467,-0.418164,-0.138902,-1.42251
1.22289,-0.294392,0.455074,-0.538845,-0.0269805,-1.45313,-1.24405,-1.32638,-1.92639,-1.46553,-1.81465,-1.41192,-1.16123,-1.02706,-0.420183,-1.09882,-1.04315,-2.47368,-0.805446,-0.797617,-0.559929,-0.737357,-0.677446,-0.138902,0.700639
-0.79286,-0.294392,0.461607,-0.0640917,-0.177803,-0.692329,-0.443161,-0.224126,-0.275199,-0.249322,0.371675,-0.645958,-0.14853,-0.0234182,-0.420183,0.108674,1.28531,-0.107654,-0.546421,0.0725106,-0.559929,-0.737357,0.101328,-0.138902,-1.42251
1.22289,-0.294392,0.579202,1.30082,0.526036,1.59007,1.15862,1.98039,-1.92639,-1.46553,0.371675,0.885959,-1.16123,-1.02706,-0.420183,-1.09882,-1.04315,0.779606,-0.483514,-0.797617,-0.559929,-0.737357,-0.677446,-0.138902,0.700639
-0.79286,-0.294392,0.611868,0.173285,1.78289,-0.692329,-0.443161,1.42926,1.376,1.57499,1.10045,1.65192,1.87687,-0.0234182,-0.420183,1.31617,0.819616,0.24725,-0.579724,0.942638,-0.559929,-0.737357,-0.286485,-0.138902,0.700639
1.22289,-0.294392,0.513871,-0.538845,-0.429175,-0.692329,-1.24405,-0.775254,-0.275199,-0.857425,0.371675,-0.645958,0.864172,1.98386,2.35858,1.31617,0.353925,0.424702,-0.553821,-0.797617,-0.559929,-0.737357,-0.677446,-0.138902,0.700639
-0.79286,-0.294392,0.526938,-0.716877,0.475762,0.0684721,-0.443161,0.878131,-1.92639,-0.249322,0.371675,-0.645958,-1.16123,-1.02706,-0.420183,-0.495072,-1.04315,0.365551,-0.53902,-0.797617,-0.559929,-0.737357,-0.101283,-0.138902,0.700639
-0.79286,3.38551,0.507338,1.89426,1.78289,-1.45313,1.15862,-1.32638,-0.275199,-0.249322,1.10045,-1.41192,-1.16123,-1.02706,-0.420183,-1.09882,-1.04315,0.483853,1.78481,-0.797617,-0.559929,-0.737357,-0.101283,-0.138902,0.700639
-0.79286,-0.294392,0.494272,-0.18278,-0.630272,0.829273,1.15862,0.327003,-0.275199,-1.46553,1.10045,0.885959,1.87687,0.980219,0.590276,-1.09882,-1.04315,0.543003,1.59979,-0.797617,-0.559929,-0.737357,-0.101283,-0.138902,0.700639
1.22289,-0.294392,0.474673,-0.18278,0.877956,-1.45313,-1.24405,-1.32638,-0.275199,-1.46553,-1.81465,-1.41192,-1.16123,-1.02706,-0.420183,-1.09882,-1.04315,-2.47368,-0.805446,-0.797617,-0.559929,-0.737357,-0.677446,-0.138902,0.700639
-0.79286,-0.294392,0.507338,0.173285,0.274665,1.59007,1.15862,0.327003,1.376,0.35878,0.371675,0.885959,0.864172,-0.0234182,-0.420183,0.712421,1.28531,0.0697978,-0.546421,0.942638,1.56707,-0.737357,-0.101283,-0.138902,-1.42251
-0.79286,-0.294392,0.474673,-0.538845,-0.630272,0.829273,-0.443161,-0.775254,-0.275199,-1.46553,0.371675,0.12,-0.14853,-0.0234182,-0.420183,-0.495072,0.353925,-0.285106,-0.601926,0.942638,0.149072,-0.737357,0.0859559,-0.138902,-1.42251
-0.79286,-0.294392,-1.99484,-1.9631,-1.23356,-1.45313,-1.24405,-1.32638,-1.92639,-1.46553,-1.81465,-1.41192,-1.16123,-1.02706,-0.420183,-1.09882,-1.04315,-2.47368,-0.805446,-0.797617,-0.559929,0.611467,0.118922,-0.138902,0.700639
1.22289,-0.294392,0.46814,-0.538845,-1.23356,0.0684721,-0.443161,-0.775254,-0.275199,-0.857425,-1.08587,-0.645958,-0.14853,-0.0234182,-0.420183,-1.09882,-1.04315,0.188099,2.00683,-0.797617,-0.559929,-0.737357,-0.677446,-0.138902,0.700639
1.22289,-0.294392,0.46814,0.885414,0.274665,0.829273,1.15862,0.878131,1.376,1.57499,1.10045,1.65192,1.87687,0.980219,1.60074,1.31617,1.28531,1.43026,-0.527919,-0.797617,-0.559929,0.611467,0.101328,-0.138902,0.700639
1.22289,-0.294392,0.435474,1.24148,-0.630272,0.829273,1.15862,0.878131,1.376,-0.249322,1.10045,0.12,-1.16123,1.98386,2.61119,0.712421,0.353925,0.602154,-0.502016,1.81277,3.47592,1.96029,-0.268706,-0.138902,-1.42251
-0.79286,-0.294392,0.435474,-0.18278,-1.23356,0.0684721,-0.443161,-0.775254,-0.275199,0.35878,0.371675,0.885959,0.864172,-0.0234182,-0.420183,1.31617,1.28531,0.0697978,-0.561222,-0.797617,-0.559929,-0.737357,-0.268335,-0.138902,0.700639
-0.79286,-0.294392,0.500805,-0.0640917,0.174117,-0.692329,-0.443161,-0.775254,-0.275199,0.35878,-1.08587,-1.41192,-1.16123,-1.02706,-0.420183,1.31617,0.819616,0.424702,-0.487215,0.942638,3.03962,-0.737357,-0.26852,-0.138902,-1.42251
-0.79286,-0.294392,-1.99484,1.0041,0.274665,0.829273,1.15862,0.878131,1.376,1.57499,1.10045,1.65192,1.87687,1.98386,-0.420183,1.31617,0.819616,0.602154,-0.561222,-0.797617,-0.559929,-0.737357,-0.469279,-0.138902,0.700639
1.22289,-0.294392,-1.99484,1.12279,-0.0269805,1.59007,1.15862,0.327003,1.376,0.966883,1.10045,0.885959,-1.16123,1.98386,-0.420183,-1.09882,-0.111766,1.84432,-0.494616,-0.797617,-0.559929,1.96029,0.639524,-0.138902,0.700639
1.22289,-0.294392,0.507338,1.36017,-0.429175,-1.45313,1.15862,1.42926,1.376,-1.46553,-1.81465,-0.645958,-0.14853,0.980219,-0.420183,-1.09882,1.28531,0.543003,-0.583424,0.942638,-0.0145436,1.96029,0.28653,-0.138902,-1.42251
-0.79286,-0.294392,0.474673,0.173285,-1.23356,-1.45313,1.15862,-1.32638,-0.275199,1.57499,0.371675,-0.645958,-1.16123,-0.0234182,-0.420183,-0.495072,-0.577456,0.838757,2.15485,0.0725106,0.530842,-0.737357,-0.101283,-0.138902,0.700639
1.22289,-0.294392,0.526938,-0.420156,-1.23356,-0.692329,-0.443161,-0.775254,-0.275199,0.35878,0.371675,0.12,-0.14853,-0.0234182,-0.420183,-0.495072,0.353925,-0.58086,-0.561222,0.0725106,2.167,-0.737357,-0.677446,-0.138902,-1.42251
-0.79286,3.38551,0.566136,2.36902,3.59277,-1.45313,-1.24405,-1.32638,-1.92639,-1.46553,-1.81465,-1.41192,-1.16123,-1.02706,-0.420183,-1.09882,-1.04315,-2.47368,-0.805446,-0.797617,-0.559929,0.611467,-0.286115,-0.138902,0.700639
-0.79286,-0.294392,-1.99484,0.648038,-1.23356,0.829273,1.15862,1.98039,1.376,1.57499,0.371675,0.885959,-0.14853,1.98386,-0.420183,1.31617,1.28531,1.25281,-0.564922,1.81277,-0.559929,0.611467,0.101328,-0.138902,0.700639
1.22289,3.38551,0.55307,2.48771,2.38618,-1.45313,-1.24405,-1.32638,-1.92639,-1.46553,-1.81465,-1.41192,-1.16123,-1.02706,-0.420183,-1.09882,-1.04315,0.306401,-0.490915,-0.797617,-0.505391,-0.737357,1.06345,-0.138902,-1.42251
1.22289,-0.294392,0.487739,-0.18278,-0.630272,0.829273,-0.443161,0.327003,-0.275199,0.35878,0.371675,-0.645958,-0.14853,-0.0234182,-0.420183,0.108674,-0.111766,0.306401,-0.546421,-0.797617,-0.559929,-0.737357,-0.101283,-0.138902,0.700639
-0.79286,-0.294392,-1.99484,1.59754,-1.23356,0.829273,1.95952,0.878131,-0.275199,0.966883,1.10045,1.65192,-0.14853,-0.0234182,-0.420183,-1.09882,1.28531,0.602154,1.6738,0.942638,0.530842,1.96029,-0.0838742,-0.138902,0.700639
-0.79286,-0.294392,0.317879,2.19098,-0.0269805,0.829273,1.15862,0.878131,1.376,0.966883,1.10045,-1.41192,0.864172,-0.0234182,-0.420183,-1.09882,1.28531,0.897907,1.74781,1.81277,0.530842,1.96029,-0.0838742,-0.138902,0.700639
1.22289,-0.294392,-1.99484,1.59754,-1.23356,1.59007,1.15862,0.878131,1.376,1.57499,1.10045,1.65192,-0.14853,-0.0234182,-0.420183,1.31617,1.28531,1.07536,-0.564922,1.81277,-0.559929,0.611467,-0.0838742,-0.138902,0.700639
-0.79286,-0.294392,0.481206,-0.18278,-0.479449,0.829273,-1.24405,0.878131,1.376,1.57499,1.10045,1.65192,0.864172,0.980219,-0.420183,1.31617,1.28531,1.37111,-0.527919,-0.797617,-0.559929,-0.737357,-0.250556,-0.138902,-1.42251
1.22289,-0.294392,0.455074,-0.538845,-0.429175,-0.692329,-0.443161,-0.775254,-0.275199,-0.857425,-1.08587,-0.645958,-0.14853,-0.0234182,-0.420183,-0.495072,-1.04315,-0.285106,-0.564922,-0.797617,-0.559929,-0.737357,-0.677446,-0.138902,0.700639
-0.79286,-0.294392,0.546537,0.410661,0.978505,0.829273,1.15862,0.327003,1.376,-0.249322,0.371675,0.885959,0.864172,0.980219,3.11642,0.712421,-0.577456,0.720455,-0.564922,1.81277,-0.559929,0.611467,0.639524,-0.138902,0.700639
1.22289,-0.294392,0.435474,0.52935,1.1796,0.829273,1.15862,1.42926,1.376,0.966883,-1.08587,0.12,-0.14853,0.980219,-0.420183,0.108674,-0.577456,1.84432,-0.601926,0.942638,1.67615,0.611467,0.118922,-0.138902,-1.42251
1.22289,-0.294392,0.526938,-0.598189,-1.23356,-0.692329,-0.443161,-0.224126,-0.275199,-0.857425,0.371675,0.12,-0.14853,-0.0234182,-0.420183,-1.09882,-0.111766,0.424702,-0.468713,0.0725106,0.312688,-0.737357,-0.101283,-0.138902,-1.42251
-0.79286,-0.294392,0.44854,0.52935,0.576311,-0.692329,-1.24405,0.327003,1.376,0.35878,0.371675,0.12,-1.16123,-1.02706,-0.420183,1.31617,1.28531,-2.47368,-0.805446,1.81277,-0.559929,0.611467,0.657674,-0.138902,-1.42251
1.22289,-0.294392,-1.99484,-1.9631,-1.23356,-0.692329,-0.443161,0.327003,-0.275199,-0.857425,0.371675,-0.645958,-1.16123,-1.02706,-0.420183,0.108674,-0.111766,0.0697978,-0.520518,-0.797617,-0.559929,-0.737357,-0.101283,-0.138902,0.700639
1.22289,-0.294392,0.526938,-0.776221,-0.228078,-1.45313,-1.24405,-1.32638,-0.275199,-1.46553,-1.81465,-1.41192,-1.16123,-1.02706,-0.420183,-1.09882,-1.04315,-0.0485036,-0.568623,-0.797617,-0.559929,-0.737357,-0.101283,-0.138902,-1.42251
1.22289,-0.294392,0.638,1.41951,0.576311,0.829273,1.15862,-0.775254,1.376,-0.249322,0.371675,0.885959,0.864172,-0.0234182,3.11642,-0.495072,1.28531,0.897907,-0.505717,1.81277,1.89431,1.96029,0.693048,-0.138902,-1.42251
-0.79286,3.38551,0.526938,2.78443,-0.228078,0.829273,-1.24405,1.42926,-0.275199,0.35878,0.371675,1.65192,1.87687,-1.02706,-0.420183,1.31617,-1.04315,-0.225956,-0.805446,0.942638,-0.559929,0.611467,0.639524,-0.138902,-1.42251
-0.79286,-0.294392,-1.99484,-1.9631,-1.23356,-1.45313,-1.24405,-1.32638,-1.92639,-1.46553,-1.81465,-1.41192,-1.16123,-1.02706,-0.420183,-1.09882,-1.04315,-1.05407,-0.557522,-0.797617,-0.559929,-0.737357,-0.101098,-0.138902,0.700639
-0.79286,-0.294392,-1.99484,-0.0640917,0.576311,0.0684721,-1.24405,-0.224126,-0.275199,1.57499,0.371675,0.885959,0.864172,0.980219,-0.420183,-1.09882,-1.04315,0.0106471,-0.520518,-0.797617,-0.559929,0.611467,-0.0831334,-0.138902,0.700639
-0.79286,-0.294392,-1.99484,-1.9631,-0.228078,1.59007,1.15862,0.327003,-1.92639,1.57499,1.10045,0.885959,0.864172,-1.02706,-0.420183,1.31617,0.819616,0.661305,-0.587125,1.81277,-0.559929,0.611467,-0.0838742,-0.138902,-1.42251
1.22289,-0.294392,-1.99484,0.885414,-1.23356,0.829273,1.15862,0.327003,1.376,1.57499,1.10045,1.65192,-0.14853,0.980219,-0.420183,1.31617,1.28531,1.07536,-0.805446,-0.797617,-0.559929,0.611467,0.101328,-0.138902,0.700639
1.22289,-0.294392,0.474673,-0.538845,0.375214,-0.692329,-0.443161,0.327003,-0.275199,-0.249322,-1.08587,-1.41192,-0.14853,-0.0234182,-0.420183,1.31617,1.28531,-0.285106,-0.557522,-0.797617,-0.559929,-0.737357,-0.284077,-0.138902,0.700639
1.22289,-0.294392,0.520404,-0.18278,-1.23356,0.0684721,0.357732,-0.775254,-0.275199,-0.857425,-0.357099,0.12,0.864172,-0.0234182,-0.420183,-0.495072,-0.577456,0.128948,-0.520518,-0.797617,-0.559929,-0.737357,-0.677446,-0.138902,0.700639
-0.79286,-0.294392,0.474673,0.648038,-0.127529,0.0684721,-0.443161,-0.224126,-0.275199,0.35878,-1.81465,-1.41192,0.864172,-1.02706,-0.420183,1.31617,-1.04315,1.31196,-0.509417,0.0725106,2.71238,0.611467,-0.0838742,-0.138902,-1.42251
1.22289,-0.294392,0.500805,1.89426,-0.429175,1.59007,1.15862,0.878131,1.376,-0.249322,1.10045,1.65192,-0.14853,-0.0234182,-0.420183,-1.09882,-1.04315,1.37111,2.22885,0.942638,0.530842,1.96029,-0.268335,2.01637,0.700639
-0.79286,-0.294392,0.55307,-0.0640917,0.576311,0.829273,-0.443161,0.878131,1.376,0.35878,0.371675,0.12,-0.14853,0.980219,3.11642,1.31617,1.28531,0.128948,-0.527919,1.81277,2.167,-0.737357,-0.286115,-0.138902,-1.42251
-0.79286,-0.294392,-1.99484,-0.18278,0.576311,0.829273,-0.443161,0.327003,-0.275199,0.35878,0.371675,0.12,-0.14853,-0.0234182,-0.420183,0.712421,0.819616,-0.935764,1.85882,0.942638,-0.0145436,-0.737357,-0.26852,-0.138902,0.700639
1.22289,-0.294392,0.481206,0.173285,-1.23356,-0.692329,-0.443161,1.42926,1.376,0.35878,0.371675,-0.645958,-0.14853,1.98386,0.590276,0.712421,0.819616,0.957058,1.93282,0.0725106,0.530842,-0.737357,-0.247407,-0.138902,0.700639
1.22289,-0.294392,0.513871,-0.360812,-0.0269805,-0.692329,-0.443161,-0.775254,-0.275199,-0.857425,0.371675,-0.645958,0.864172,-0.0234182,-0.420183,0.712421,-0.111766,0.424702,-0.53902,0.0725106,-0.559929,-0.737357,-0.101283,-0.138902,-1.42251
1.22289,-0.294392,-1.99484,-0.420156,-0.429175,-0.692329,-1.24405,0.327003,-0.275199,-1.46553,-1.81465,-1.41192,0.864172,1.98386,2.35858,-1.09882,-1.04315,0.779606,-0.53902,-0.797617,-0.559929,-0.737357,-0.284077,-0.138902,0.700639
1.22289,-0.294392,0.487739,-0.538845,-0.630272,-0.692329,-0.443161,-0.775254,-0.275199,-0.857425,0.371675,-1.41192,-0.14853,-0.0234182,-0.420183,0.712421,-0.111766,0.0106471,-0.572323,0.942638,1.67615,-0.737357,-0.101283,-0.138902,-1.42251
1.22289,-0.294392,0.422408,-0.18278,-0.228078,0.829273,-1.24405,-1.32638,-0.275199,0.35878,-1.81465,0.885959,0.864172,0.980219,1.85335,1.31617,0.819616,0.0697978,-0.524218,-0.797617,-0.559929,1.96029,-0.268335,-0.138902,-1.42251
-0.79286,-0.294392,0.474673,-0.538845,0.174117,-0.692329,-0.443161,-0.775254,-0.275199,-0.857425,-0.357099,-0.645958,0.864172,-1.02706,-0.420183,-0.495072,-0.577456,0.24725,-0.587125,0.942638,3.25777,-0.737357,-0.677446,-0.138902,-1.42251
-0.79286,-0.294392,0.46814,-0.301468,-1.23356,-1.45313,-1.24405,-1.32638,-1.92639,-1.46553,-1.81465,-1.41192,-1.16123,-1.02706,-0.420183,-1.09882,-1.04315,-2.47368,-0.805446,-0.797617,-0.559929,0.611467,-0.286115,-0.138902,0.700639
-0.79286,-0.294392,0.494272,-0.420156,-0.0269805,-0.692329,-0.443161,1.42926,-0.275199,0.966883,0.371675,-0.645958,0.864172,1.98386,3.11642,-0.495072,-1.04315,0.720455,-0.527919,0.942638,0.858073,0.611467,-0.2863,-0.138902,-1.42251
-0.79286,3.38551,-1.99484,-1.9631,-1.23356,-1.45313,-1.24405,-1.32638,-1.92639,-1.46553,-1.81465,-1.41192,-1.16123,-1.02706,-0.420183,-1.09882,-1.04315,-0.285106,-0.624128,-0.797617,-0.559929,0.611467,1.38274,-0.138902,0.700639
-0.79286,3.38551,0.598802,1.0041,-1.23356,0.829273,1.15862,1.42926,1.376,-0.249322,0.371675,-1.41192,-1.16123,-1.02706,-0.420183,-1.09882,-1.04315,0.365551,1.30376,0.942638,0.530842,1.96029,-0.418164,-0.138902,0.700639
-0.79286,-0.294392,0.461607,-0.835565,-0.228078,0.829273,1.15862,-0.775254,-0.275199,0.35878,0.371675,0.12,-1.16123,-1.02706,-0.420183,0.712421,-1.04315,-0.285106,1.7108,-0.797617,-0.559929,-0.737357,-0.0838742,-0.138902,0.700639
1.22289,-0.294392,0.533471,-0.420156,-0.228078,0.0684721,-1.24405,-0.775254,-0.275199,-0.857425,-1.08587,-0.645958,-0.14853,-0.0234182,-0.420183,-0.495072,-0.577456,-0.521709,2.04384,-0.797617,-0.559929,-0.737357,-0.677446,-0.138902,0.700639
-0.79286,-0.294392,-1.99484,-1.9631,-1.23356,0.829273,1.15862,0.327003,3.02719,1.57499,0.371675,0.885959,1.87687,0.980219,-0.420183,1.31617,1.28531,0.24725,-0.587125,-0.797617,-0.559929,0.611467,-0.117211,-0.138902,0.700639
-0.79286,-0.294392,0.455074,0.885414,-0.328626,-0.692329,1.15862,1.98039,1.376,0.35878,1.10045,0.12,0.864172,1.98386,2.10596,-1.09882,0.819616,1.60772,-0.476114,1.81277,-0.559929,-0.737357,-0.26852,-0.138902,-1.42251
-0.79286,-0.294392,0.38321,0.944758,0.526036,0.829273,1.15862,0.878131,-0.275199,0.966883,0.371675,0.12,-1.16123,-1.02706,-0.420183,1.31617,0.819616,0.306401,-0.568623,1.81277,1.40346,0.611467,-0.269076,-0.138902,-1.42251
-0.79286,-0.294392,0.442007,-0.776221,-1.23356,-1.45313,1.15862,-0.775254,-0.275199,-0.249322,0.371675,0.12,1.87687,-0.0234182,-0.420183,0.712421,1.28531,-0.344257,-0.805446,1.81277,0.530842,-0.737357,-0.101283,-0.138902,0.700639
-0.79286,3.38551,0.494272,1.0041,2.78838,0.829273,-0.443161,-0.224126,-0.275199,0.35878,1.10045,-0.645958,-1.16123,-1.02706,-0.420183,-0.495072,-1.04315,-0.344257,-0.594525,-0.797617,-0.559929,-0.737357,-0.101283,-0.138902,0.700639
-0.79286,-0.294392,0.487739,-1.9631,-0.0269805,0.829273,1.15862,1.98039,1.376,1.57499,-1.81465,1.65192,-0.14853,-0.0234182,-0.420183,-1.09882,-1.04315,1.54856,-0.516818,-0.797617,-0.559929,0.611467,-0.0838742,-0.138902,0.700639
-0.79286,-0.294392,0.474673,-0.18278,2.78838,-0.692329,1.15862,-0.224126,1.376,-0.249322,0.371675,0.885959,-1.16123,0.980219,2.35858,1.31617,-1.04315,-0.107654,-0.63893,0.942638,-0.559929,-0.737357,0.286715,-0.138902,-1.42251
1.22289,-0.294392,0.487739,-0.360812,0.274665,0.0684721,1.15862,0.327003,3.02719,0.35878,-1.08587,0.12,0.864172,0.980219,-0.420183,-1.09882,0.819616,0.188099,-0.576024,-0.797617,-0.559929,-0.737357,-0.603365,-0.138902,0.700639
-0.79286,-0.294392,-1.99484,0.648038,0.777408,0.829273,1.15862,0.878131,1.376,1.57499,1.10045,0.885959,1.87687,-1.02706,-0.420183,1.31617,1.28531,0.483853,-0.520518,1.81277,0.203611,0.611467,0.101328,-0.138902,-1.42251
1.22289,-0.294392,-1.99484,-0.776221,-0.429175,-1.45313,-1.24405,-1.32638,-0.275199,-1.46553,-1.81465,-1.41192,-1.16123,-1.02706,-0.420183,-1.09882,-1.04315,0.483853,-0.546421,0.942638,1.56707,1.96029,-0.26852,-0.138902,-1.42251
1.22289,-0.294392,0.55307,-0.0640917,0.777408,-0.692329,-0.443161,1.42926,-0.275199,0.35878,0.371675,0.12,0.864172,-0.0234182,-0.420183,0.712421,0.353925,0.0106471,-0.527919,0.942638,0.694458,-0.737357,0.248563,-0.138902,-1.42251
1.22289,-0.294392,0.507338,-0.716877,-0.73082,-0.692329,-0.443161,-0.775254,-0.275199,-0.857425,-1.08587,-0.645958,-1.16123,-1.02706,-0.420183,-1.09882,-1.04315,-0.225956,1.45178,-0.797617,-0.559929,-0.737357,-0.677446,-0.138902,0.700639
1.22289,-0.294392,0.487739,-0.420156,-0.429175,-1.45313,-1.24405,-1.32638,-1.92639,-0.249322,-1.81465,-1.41192,-1.16123,1.98386,0.085047,-0.495072,-0.577456,0.661305,2.37687,-0.797617,-0.559929,-0.737357,-0.247407,-0.138902,0.700639
1.22289,-0.294392,0.638,1.41951,0.576311,0.829273,1.15862,-0.775254,1.376,-0.249322,0.371675,0.885959,0.864172,-0.0234182,3.11642,-0.495072,1.28531,0.897907,-0.505717,1.81277,1.89431,0.611467,-0.0838742,-0.138902,-1.42251
1.22289,-0.294392,0.540004,-0.479501,-0.228078,0.829273,-0.443161,-0.775254,-0.275199,-0.857425,-1.08587,-0.645958,0.864172,-0.0234182,-0.420183,0.712421,-0.577456,0.0106471,-0.576024,-0.797617,-0.559929,-0.737357,-0.677446,-0.138902,0.700639
1.22289,-0.294392,-1.99484,-1.9631,-1.23356,0.829273,1.15862,-0.775254,-0.275199,1.57499,0.371675,0.885959,-0.14853,-0.0234182,-0.420183,1.31617,1.28531,-0.225956,-0.564922,-0.797617,-0.559929,0.611467,-0.0838742,-0.138902,0.700639
1.22289,-0.294392,0.455074,-0.538845,0.274665,1.59007,-0.443161,0.327003,-0.275199,-1.46553,-0.357099,-0.645958,-0.14853,-0.0234182,-0.420183,-0.495072,-0.577456,0.365551,-0.487215,-0.797617,-0.559929,-0.737357,-0.677446,-0.138902,0.700639
-0.79286,-0.294392,0.442007,-0.538845,-0.228078,-1.45313,-0.443161,-0.224126,-0.275199,0.35878,0.371675,0.885959,0.864172,-0.0234182,-0.420183,0.712421,1.28531,-0.0485036,1.74781,-0.797617,-0.559929,-0.737357,-0.0838742,-0.138902,0.700639
1.22289,-0.294392,-1.99484,0.52935,0.576311,-1.45313,-1.24405,0.327003,-0.275199,-1.46553,0.371675,-0.645958,0.864172,-0.0234182,-0.420183,0.712421,-0.111766,0.128948,-0.490915,-0.797617,-0.559929,-0.737357,-0.101283,-0.138902,0.700639
-0.79286,-0.294392,0.494272,0.648038,0.375214,0.829273,1.15862,0.878131,-0.275199,-0.249322,0.371675,0.885959,-1.16123,1.98386,0.085047,1.31617,1.28531,0.779606,1.41477,-0.797617,-0.559929,1.96029,-0.0838742,-0.138902,0.700639
1.22289,-0.294392,0.46814,-0.657533,0.777408,0.0684721,-0.443161,0.327003,-0.275199,-0.857425,0.371675,0.12,-0.14853,-0.0234182,-0.420183,-0.495072,1.28531,-0.0485036,1.41477,-0.797617,-0.559929,-0.737357,-0.677446,-0.138902,0.700639
1.22289,-0.294392,0.592268,1.24148,1.33042,0.829273,1.15862,1.98039,1.376,-0.249322,1.10045,0.885959,-0.14853,0.980219,-0.420183,0.712421,1.28531,1.01621,-0.509417,0.942638,0.858073,-0.737357,0.118922,-0.138902,-1.42251
-0.79286,-0.294392,0.500805,-0.776221,-0.429175,0.829273,1.15862,-0.775254,-0.275199,-0.857425,0.371675,-1.41192,-1.16123,-1.02706,-0.420183,-0.495072,-0.577456,-0.462558,1.63679,-0.797617,-0.559929,-0.737357,-0.677446,-0.138902,0.700639
-0.79286,-0.294392,-1.99484,-0.18278,-0.228078,1.59007,1.15862,0.878131,1.376,1.57499,1.10045,-1.41192,-1.16123,-0.0234182,-0.420183,1.31617,1.28531,-2.47368,-0.805446,-0.797617,-0.559929,1.96029,-0.0838742,-0.138902,0.700639
1.22289,-0.294392,0.507338,-0.776221,-0.429175,0.829273,-1.24405,-0.775254,-0.275199,-0.249322,-1.81465,-1.41192,-1.16123,-1.02706,-0.420183,-1.09882,-1.04315,-0.285106,1.30376,-0.797617,-0.559929,-0.737357,-0.677446,-0.138902,0.700639
-0.79286,3.38551,0.487739,2.19098,2.18509,-0.692329,-0.443161,-0.775254,-0.275199,0.35878,0.371675,0.12,-1.16123,-1.02706,-0.420183,0.108674,-0.577456,-0.166805,-0.609327,-0.797617,-0.559929,-0.737357,0.639524,-0.138902,0.700639
-0.79286,-0.294392,0.474673,-0.420156,-0.0269805,-0.692329,1.15862,0.327003,-0.275199,0.966883,1.10045,-0.645958,0.864172,1.98386,2.45963,0.108674,1.28531,0.365551,-0.561222,0.0725106,1.458,0.611467,0.322644,-0.138902,0.700639
-0.79286,-0.294392,-1.99484,0.113941,0.576311,-0.692329,-1.24405,0.327003,1.376,-0.249322,0.371675,0.12,0.864172,-1.02706,-0.420183,1.31617,1.28531,-0.344257,-0.53532,-0.797617,-0.559929,-0.737357,5.08418,-0.138902,0.700639
-0.79286,-0.294392,0.507338,-0.420156,3.59277,-1.45313,1.15862,0.327003,-0.275199,-1.46553,-1.81465,-1.41192,-0.14853,-0.0234182,-0.420183,-0.495072,-1.04315,0.0697978,-0.579724,-0.797617,-0.559929,-0.737357,-0.0831334,-0.138902,-1.42251
1.22289,-0.294392,0.442007,-0.479501,0.375214,-0.692329,-0.443161,0.327003,-0.275199,-0.857425,0.371675,0.12,-1.16123,-1.02706,-0.420183,-0.495072,-1.04315,0.128948,-0.546421,-0.797617,-0.559929,-0.737357,-0.677446,-0.138902,0.700639
-0.79286,-0.294392,0.533471,-0.18278,0.375214,1.59007,1.15862,-0.224126,1.376,0.966883,1.10045,1.65192,-1.16123,-1.02706,-0.420183,1.31617,1.28531,0.661305,1.56279,1.81277,0.530842,1.96029,-0.0838742,-0.138902,0.700639
-0.79286,3.38551,0.513871,0.52935,0.777408,0.829273,1.15862,-0.224126,-0.275199,0.35878,0.371675,0.885959,-0.14853,-0.0234182,-0.420183,-1.09882,-1.04315,-0.344257,-0.561222,0.942638,0.96715,0.611467,-0.269076,-0.138902,-1.42251
-0.79286,-0.294392,-1.99484,0.113941,-0.429175,0.829273,1.95952,1.42926,1.376,-0.249322,0.371675,0.12,0.864172,-0.0234182,-0.420183,1.31617,1.28531,1.07536,-0.527919,-0.797617,-0.559929,0.611467,-0.2863,-0.138902,0.700639
-0.79286,-0.294392,0.507338,-0.776221,-0.429175,0.829273,-1.24405,-1.32638,-0.275199,-0.857425,0.371675,0.12,-1.16123,-1.02706,-0.420183,-1.09882,-1.04315,-0.225956,1.34077,0.0725106,0.530842,-0.737357,-0.101283,10.8084,0.700639
-0.79286,-0.294392,-1.99484,-0.776221,-1.23356,0.0684721,-0.443161,-0.775254,-0.275199,-0.857425,0.371675,-0.645958,-0.14853,-0.0234182,-0.420183,-1.09882,1.28531,-0.166805,1.26676,-0.797617,-0.559929,-0.737357,-0.101283,-0.138902,0.700639
-0.79286,-0.294392,0.409342,-0.18278,0.174117,-1.45313,-1.24405,-1.32638,-1.92639,-1.46553,-1.81465,-1.41192,-1.16123,-1.02706,-0.420183,-1.09882,-1.04315,-2.47368,-0.805446,-0.797617,4.89393,0.611467,-0.0838742,-0.138902,-1.42251
-0.79286,-0.294392,0.513871,-0.657533,-0.0269805,0.829273,-1.24405,0.878131,-1.92639,1.57499,1.10045,0.885959,0.864172,-0.0234182,-0.420183,1.31617,1.28531,0.483853,2.04384,-0.797617,-0.559929,-0.737357,-0.0838742,-0.138902,0.700639
1.22289,-0.294392,-1.99484,-1.9631,0.777408,0.829273,-0.443161,-0.775254,-0.275199,0.35878,0.371675,0.12,-1.16123,-1.02706,-0.420183,-1.09882,-1.04315,0.188099,1.78481,-0.797617,-0.559929,-0.737357,-0.677446,-0.138902,0.700639
-0.79286,-0.294392,0.487739,-0.657533,-0.630272,-0.692329,-0.443161,-0.775254,-0.275199,0.35878,0.371675,0.885959,0.864172,-0.0234182,-0.420183,1.31617,1.28531,0.0106471,1.59979,-0.797617,-0.559929,-0.737357,-0.0838742,4.65043,0.700639
1.22289,-0.294392,0.585735,-1.9631,-1.23356,0.829273,1.15862,0.878131,1.376,0.35878,1.10045,0.885959,-1.16123,1.98386,2.35858,1.31617,1.28531,-2.47368,-0.557522,0.0725106,-0.559929,1.96029,0.101328,-0.138902,0.700639
-0.79286,-0.294392,0.389743,0.351317,0.274665,-0.692329,-1.24405,-0.775254,-0.275199,1.57499,0.371675,-0.645958,-1.16123,-0.0234182,-0.420183,-1.09882,-1.04315,-0.462558,1.96983,0.942638,-0.0145436,-0.737357,-0.101098,9.27041,0.700639
1.22289,-0.294392,0.494272,-0.301468,-0.228078,0.0684721,-0.443161,-0.224126,-0.275199,-0.857425,0.371675,-0.645958,-0.14853,-0.0234182,-0.420183,-1.09882,-1.04315,0.24725,1.78481,-0.797617,-0.559929,-0.737357,-0.677446,-0.138902,0.700639
-0.79286,-0.294392,0.579202,-0.360812,2.08454,-0.692329,-0.443161,-0.224126,-0.275199,-0.249322,0.371675,0.12,-0.14853,-0.0234182,-0.420183,0.712421,0.819616,-0.166805,-0.583424,0.942638,-0.559929,-0.737357,-0.268891,-0.138902,-1.42251
-0.79286,-0.294392,0.507338,0.410661,0.777408,-1.45313,-1.24405,1.98039,1.376,0.966883,0.371675,-0.645958,-1.16123,0.980219,-0.420183,-0.495072,0.819616,1.48941,-0.428009,0.942638,-0.0145436,1.96029,-0.26852,-0.138902,0.700639
1.22289,-0.294392,0.533471,-0.776221,0.174117,0.0684721,-0.443161,-0.775254,-0.275199,0.35878,-1.08587,-0.645958,-1.16123,-1.02706,-0.420183,-0.495072,-1.04315,-0.166805,1.48878,0.0725106,-0.0145436,-0.737357,-0.677446,-0.138902,0.700639
-0.79286,-0.294392,0.500805,-0.0640917,-0.0269805,-0.692329,-0.443161,0.327003,-0.275199,0.966883,1.10045,0.885959,0.864172,-0.0234182,-0.420183,1.31617,0.819616,0.188099,-0.527919,0.0725106,0.530842,0.611467,-0.0838742,-0.138902,-1.42251
1.22289,-0.294392,0.461607,-0.538845,-0.228078,0.829273,-0.443161,0.878131,-0.275199,-0.857425,-1.08587,0.885959,0.864172,-0.0234182,-0.420183,-0.495072,-0.577456,-0.285106,-0.601926,-0.797617,-0.559929,1.96029,-0.269076,-0.138902,0.700639
-0.79286,-0.294392,0.487739,-0.716877,2.18509,1.59007,-0.443161,-0.775254,-0.275199,0.35878,0.371675,0.12,0.864172,0.980219,-0.420183,1.31617,0.819616,-0.0485036,-0.524218,-0.797617,-0.559929,-0.737357,-0.269076,-0.138902,0.700639
-0.79286,-0.294392,0.533471,-1.9631,-1.23356,0.829273,-0.443161,0.327003,-0.275199,1.57499,1.10045,0.12,-1.16123,-1.02706,-0.420183,-1.09882,-1.04315,-0.521709,-0.564922,0.942638,-0.559929,-0.737357,5.08418,-0.138902,0.700639
-0.79286,-0.294392,0.44854,-0.479501,0.375214,0.829273,1.15862,-1.32638,-0.275199,0.966883,1.10045,-0.645958,0.864172,-0.0234182,-0.420183,-0.495072,-1.04315,0.188099,-0.513117,0.942638,-0.0145436,-0.737357,-0.26852,-0.138902,-1.42251
-0.79286,-0.294392,0.44854,0.52935,-0.228078,-1.45313,-1.24405,0.327003,-0.275199,-0.249322,0.371675,0.885959,-1.16123,-1.02706,-0.420183,-1.09882,-1.04315,-0.64001,1.45178,-0.797617,-0.0145436,1.96029,-0.26852,-0.138902,0.700639
-0.79286,-0.294392,0.513871,-0.509173,-1.23356,-1.45313,-1.24405,-0.775254,-0.275199,-1.46553,-1.81465,-0.645958,0.864172,-0.0234182,-0.420183,-1.09882,-1.04315,0.128948,-0.524218,-0.797617,-0.559929,-0.737357,-0.268891,-0.138902,0.700639
-0.79286,-0.294392,0.474673,-1.07294,-0.630272,-1.45313,-1.24405,-1.32638,-1.92639,-1.46553,-1.81465,-1.41192,-1.16123,-1.02706,-0.420183,-1.09882,-1.04315,-2.47368,-0.805446,-0.797617,-0.559929,0.611467,-0.286115,-0.138902,0.700639
1.22289,-0.294392,0.461607,0.648038,0.576311,0.829273,-0.443161,-0.775254,-0.275199,0.35878,0.371675,0.12,-0.14853,1.98386,0.337662,-1.09882,-1.04315,0.128948,-0.583424,-0.797617,-0.559929,0.611467,-0.418164,-0.138902,0.700639
-2.80861,-0.294392,0.487739,-0.538845,-0.228078,0.829273,-0.443161,0.327003,-0.275199,0.966883,0.371675,-0.645958,0.864172,-0.0234182,-0.420183,0.712421,1.28531,0.0697978,1.89582,0.942638,-0.0145436,-2.08618,-0.101283,-0.138902,0.700639
1.22289,-0.294392,0.481206,-0.776221,-0.0269805,-0.692329,-0.443161,-0.775254,-0.275199,-0.249322,0.371675,-0.645958,-1.16123,-1.02706,-0.420183,-1.09882,0.353925,-0.107654,-0.594525,-0.797617,-0.559929,-0.737357,-0.603365,-0.138902,0.700639
-0.79286,-0.294392,-1.99484,1.0041,-1.23356,0.829273,-1.24405,0.878131,1.376,1.57499,1.10045,-1.41192,0.864172,-1.02706,-0.420183,0.108674,-1.04315,1.01621,-0.572323,-0.797617,-0.559929,0.611467,0.101328,-0.138902,0.700639
-0.79286,3.38551,0.494272,2.0723,1.1796,0.829273,1.15862,0.327003,-0.275199,1.57499,-1.08587,0.885959,0.864172,0.980219,1.80283,0.108674,-1.04315,-0.521709,-0.624128,0.942638,1.02169,0.611467,-0.269076,-0.138902,-1.42251
-0.79286,-0.294392,-1.99484,-1.9631,-1.23356,0.829273,1.15862,0.327003,1.376,1.57499,0.371675,0.885959,1.87687,0.980219,-0.420183,1.31617,1.28531,0.24725,-0.587125,-0.797617,-0.559929,0.611467,-0.117211,-0.138902,0.700639
-0.79286,-0.294392,0.487739,-0.538845,-1.23356,-0.692329,-0.443161,-0.775254,-0.275199,-0.857425,-0.357099,1.65192,0.864172,0.980219,-0.420183,1.31617,1.28531,-2.47368,-0.805446,-0.797617,-0.559929,-0.737357,-0.101283,-0.138902,0.700639
1.22289,-0.294392,0.487739,-0.301468,-1.23356,-0.692329,0.357732,0.327003,-0.275199,-0.857425,-1.08587,-0.645958,-0.14853,-0.0234182,-0.420183,-0.495072,-0.577456,0.0106471,1.82181,-0.797617,-0.559929,-0.737357,-0.677446,-0.138902,0.700639
1.22289,-0.294392,0.487739,-0.18278,0.375214,-0.692329,-0.443161,-1.32638,-0.275199,0.35878,0.371675,-1.41192,-0.14853,-0.0234182,-0.420183,-1.09882,-1.04315,0.483853,-0.546421,0.0725106,-0.0145436,-0.737357,-0.677446,-0.138902,0.700639
-0.79286,-0.294392,0.494272,-0.657533,-0.781095,0.829273,-0.443161,-0.775254,-0.275199,-0.249322,-0.357099,-0.645958,-0.14853,-0.0234182,-0.420183,1.31617,1.28531,-0.64001,-0.53532,-0.797617,-0.559929,-0.737357,0.271528,-0.138902,0.700639
1.22289,-0.294392,0.357077,-0.716877,0.274665,-1.45313,-1.24405,1.42926,-0.275199,-1.46553,-1.81465,-1.41192,-1.16123,-1.02706,-0.420183,-1.09882,-1.04315,1.31196,-0.553821,-0.797617,-0.559929,0.611467,-0.418164,-0.138902,0.700639
-0.79286,-0.294392,-1.99484,1.59754,-1.23356,1.59007,1.15862,1.98039,1.376,1.57499,1.10045,1.65192,-1.16123,-1.02706,-0.420183,1.31617,1.28531,0.897907,-0.63893,1.81277,1.56707,0.611467,-0.0838742,-0.138902,-1.42251
-0.79286,-0.294392,0.474673,-0.538845,0.174117,-0.692329,-0.443161,-0.775254,1.376,-0.857425,-0.357099,-0.645958,0.864172,-1.02706,-0.420183,-0.495072,-0.577456,0.24725,-0.587125,0.942638,3.25777,-0.737357,-0.677446,-0.138902,-1.42251
-0.79286,-0.294392,0.428941,0.52935,0.777408,0.829273,1.15862,1.98039,-0.275199,-0.249322,1.10045,1.65192,1.87687,0.980219,0.590276,1.31617,1.28531,1.96262,2.19185,-0.797617,-0.559929,1.96029,-0.418164,-0.138902,0.700639
1.22289,-0.294392,-1.99484,0.410661,0.375214,0.829273,1.15862,-0.224126,-0.275199,-0.249322,0.371675,0.885959,0.864172,-0.0234182,-0.420183,0.712421,-1.04315,0.483853,2.15485,-0.797617,-0.559929,-0.737357,-0.677446,-0.138902,0.700639
-0.79286,-0.294392,0.500805,-0.538845,-1.23356,-0.692329,1.15862,0.327003,-0.275199,0.35878,1.10045,1.65192,-0.14853,1.98386,0.590276,1.31617,1.28531,0.0106471,1.82181,-0.797617,-0.559929,-0.737357,-0.101283,-0.138902,0.700639
1.22289,-0.294392,0.487739,-0.657533,-0.630272,0.0684721,-0.443161,0.327003,-0.275199,0.35878,1.10045,0.885959,-0.14853,0.980219,2.86381,-0.495072,0.819616,-0.521709,-0.564922,-0.797617,-0.559929,0.611467,-0.268335,-0.138902,0.700639
-0.79286,-0.294392,0.507338,1.95361,-1.23356,-1.45313,1.15862,1.98039,1.376,-0.249322,1.10045,0.12,0.864172,1.98386,2.71224,1.31617,0.819616,0.897907,-0.509417,-0.797617,2.27608,-0.737357,-0.2863,-0.138902,-1.42251
1.22289,-0.294392,0.533471,-0.538845,-0.0269805,-1.45313,-1.24405,-1.32638,-1.92639,-0.857425,-1.08587,-1.41192,-0.14853,-0.0234182,-0.420183,-0.495072,-1.04315,-0.462558,1.52578,-0.797617,-0.559929,-0.737357,-0.677446,-0.138902,0.700639
1.22289,-0.294392,0.546537,-0.657533,-0.529723,0.829273,-0.443161,-0.775254,-0.275199,-0.249322,0.371675,0.12,-1.16123,-1.02706,-0.420183,-1.09882,-0.111766,-0.521709,1.56279,-0.797617,-0.559929,-0.737357,-0.677446,-0.138902,0.700639
-0.79286,-0.294392,0.572669,-1.9631,-1.23356,1.59007,1.15862,1.98039,1.376,0.966883,1.10045,0.12,-0.14853,1.98386,1.60074,1.31617,0.819616,1.96262,-0.805446,1.81277,1.78523,0.611467,-0.268706,-0.138902,-1.42251
-0.79286,-0.294392,-1.99484,1.0041,-1.23356,0.829273,1.15862,0.878131,1.376,-1.46553,1.10045,1.65192,0.864172,-0.0234182,0.590276,-1.09882,-1.04315,1.54856,1.56279,1.81277,0.530842,-0.737357,-0.268335,-0.138902,0.700639
1.22289,-0.294392,0.526938,-0.538845,-0.228078,0.829273,-0.443161,-0.775254,-0.275199,-0.857425,0.371675,0.12,0.864172,-0.0234182,-0.420183,0.712421,-0.111766,0.483853,-0.53532,0.0725106,-0.559929,-0.737357,-0.101283,-0.138902,-1.42251
1.22289,-0.294392,0.540004,-0.538845,0.777408,-0.692329,-0.443161,0.327003,-0.275199,0.35878,0.371675,1.65192,0.864172,-1.02706,-0.420183,-1.09882,1.28531,-0.0485036,1.59979,-0.797617,-0.559929,-0.737357,0.0863263,-0.138902,0.700639
1.22289,-0.294392,0.487739,-0.538845,-0.228078,0.829273,1.15862,0.878131,-0.275199,-0.857425,1.10045,0.12,0.864172,-1.02706,2.10596,-1.09882,-0.111766,0.424702,-0.498316,0.0725106,-0.559929,-0.737357,-0.603365,-0.138902,-1.42251
1.22289,-0.294392,0.526938,-0.420156,-0.228078,-0.692329,-0.443161,-0.775254,-0.275199,0.35878,0.371675,0.12,-0.14853,-0.0234182,-0.420183,-0.495072,0.353925,-0.344257,-0.561222,0.0725106,2.167,-0.737357,-0.677446,-0.138902,-1.42251
-0.79286,-0.294392,0.474673,-0.18278,-0.0269805,-0.692329,-1.24405,0.327003,1.376,-1.46553,1.10045,1.65192,0.864172,1.98386,0.590276,-1.09882,1.28531,0.602154,1.96983,-0.797617,-0.559929,1.96029,-0.269076,-0.138902,0.700639
1.22289,-0.294392,0.487739,-0.716877,0.777408,0.829273,-0.443161,-0.775254,-0.275199,0.35878,0.371675,-0.645958,-1.16123,-1.02706,-0.420183,-1.09882,-1.04315,-2.47368,-0.805446,-0.797617,-0.559929,-0.737357,-0.101283,-0.138902,0.700639
1.22289,-0.294392,-1.99484,-1.9631,-0.630272,-0.692329,-0.443161,-0.224126,-0.275199,-0.249322,-1.08587,0.12,1.87687,-0.0234182,-0.420183,-0.495072,0.353925,0.128948,-0.527919,0.942638,-0.559929,-0.737357,-0.677446,-0.138902,-1.42251
-0.79286,-0.294392,-1.99484,-1.9631,-1.23356,-1.45313,-1.24405,-1.32638,-1.92639,0.966883,-1.81465,-1.41192,-0.14853,-0.0234182,-0.420183,-1.09882,1.28531,-0.403408,1.34077,0.942638,-0.0145436,-0.737357,0.101328,-0.138902,0.700639
-0.79286,-0.294392,0.507338,-0.716877,-0.0269805,-1.45313,-1.24405,-1.32638,-0.275199,-1.46553,-1.81465,-1.41192,-1.16123,-1.02706,-0.420183,-1.09882,-1.04315,-0.107654,-0.490915,-0.797617,-0.559929,0.611467,0.639895,-0.138902,0.700639
1.22289,-0.294392,0.585735,-0.18278,-0.73082,0.829273,-1.24405,-1.32638,1.376,0.35878,0.371675,0.12,0.864172,-0.0234182,-0.420183,0.712421,-1.04315,-0.225956,1.26676,0.0725106,-0.559929,-0.737357,-0.677446,-0.138902,0.700639
-0.79286,-0.294392,0.487739,-0.00474753,-0.228078,-0.692329,1.15862,0.327003,-0.275199,1.57499,0.371675,-0.645958,-0.14853,-0.0234182,-0.420183,0.712421,-1.04315,0.24725,0.896722,1.81277,0.530842,1.96029,0.472472,-0.138902,0.700639
-0.79286,-0.294392,0.533471,0.291973,-1.23356,-0.692329,-0.443161,1.42926,1.376,0.35878,0.371675,0.12,0.864172,0.980219,-0.420183,1.31617,0.819616,0.483853,-0.509417,-0.797617,-0.559929,-0.737357,-0.26852,-0.138902,-1.42251
-0.79286,-0.294392,0.579202,1.59754,1.1796,-1.45313,-1.24405,1.42926,-0.275199,-1.46553,0.371675,0.885959,-0.14853,-1.02706,-0.420183,1.31617,-1.04315,0.838757,1.56279,0.0725106,0.530842,1.96029,-0.418164,-0.138902,0.700639
-0.79286,-0.294392,0.507338,-0.776221,-0.328626,-0.692329,-0.443161,-0.775254,-0.275199,0.35878,-1.08587,-0.645958,-1.16123,-1.02706,-0.420183,0.108674,-0.577456,0.0697978,-0.587125,0.0725106,-0.559929,-0.737357,-0.677446,-0.138902,-1.42251
1.22289,-0.294392,-1.99484,-0.657533,-0.0269805,-0.692329,-0.443161,-0.775254,-0.275199,0.35878,0.371675,-0.645958,0.864172,-0.0234182,-0.420183,-1.09882,-0.577456,-2.47368,-0.572323,-0.797617,-0.559929,-0.737357,-0.101283,-0.138902,0.700639
-0.79286,-0.294392,0.513871,1.12279,0.777408,-0.692329,-0.443161,0.327003,-0.275199,-0.249322,1.10045,0.12,0.864172,1.98386,2.86381,-1.09882,0.819616,0.779606,-0.490915,-0.797617,-0.559929,-0.737357,-0.284077,-0.138902,0.700639
-0.79286,-0.294392,-1.99484,-0.0344196,-0.0269805,-1.45313,-1.24405,-1.32638,1.376,1.57499,-1.81465,1.65192,1.87687,-0.0234182,-0.420183,-1.09882,1.28531,-2.47368,-0.805446,-0.797617,-0.559929,1.96029,-0.0838742,-0.138902,0.700639
1.22289,-0.294392,0.455074,-0.657533,-0.228078,-0.692329,-0.443161,0.327003,-0.275199,-1.46553,-1.08587,-0.645958,-1.16123,-1.02706,-0.420183,-0.495072,-1.04315,-0.403408,-0.53902,-0.797617,-0.559929,-0.737357,-0.677446,-0.138902,0.700639
1.22289,-0.294392,0.55307,0.588694,-0.429175,0.829273,1.15862,1.42926,-1.92639,0.35878,0.371675,0.885959,-1.16123,0.980219,-0.420183,-1.09882,-1.04315,1.54856,-0.590825,1.81277,2.71238,0.611467,0.322644,-0.138902,-1.42251
-0.79286,-0.294392,0.520404,1.86459,1.1796,0.829273,1.15862,0.327003,-0.275199,-0.249322,1.10045,0.885959,-0.14853,1.98386,0.590276,-1.09882,-1.04315,0.897907,1.63679,1.81277,0.530842,-0.737357,-0.268891,-0.138902,0.700639
-0.79286,-0.294392,-1.99484,1.12279,-1.23356,0.829273,1.15862,1.42926,1.376,-0.249322,1.10045,0.885959,-1.16123,1.98386,-0.420183,1.31617,0.819616,1.60772,-0.487215,0.942638,1.29438,0.611467,-0.268706,-0.138902,-1.42251
1.22289,-0.294392,-1.99484,-1.9631,-1.23356,0.829273,1.95952,1.98039,-1.92639,0.966883,-1.81465,1.65192,-1.16123,-1.02706,-0.420183,-1.09882,-1.04315,-2.47368,-0.805446,-0.797617,-0.559929,0.611467,-0.0477599,-0.138902,-1.42251
-0.79286,-0.294392,-1.99484,-1.9631,-1.23356,-1.45313,-1.24405,-1.32638,-1.92639,-1.46553,-1.81465,-1.41192,-1.16123,-1.02706,-0.420183,-1.09882,-1.04315,-2.47368,-0.805446,-0.797617,-0.559929,-0.737357,-0.26852,-0.138902,0.700639
-0.79286,-0.294392,0.500805,-0.18278,0.274665,-0.692329,-0.443161,0.327003,-0.275199,0.35878,0.371675,-0.645958,0.864172,-0.0234182,-0.420183,0.712421,-0.111766,0.365551,1.63679,-0.797617,-0.559929,-0.737357,0.454508,-0.138902,0.700639
-0.79286,-0.294392,-1.99484,0.0545966,-0.529723,-1.45313,-1.24405,0.878131,-0.275199,0.966883,-1.81465,-1.41192,-1.16123,-0.0234182,1.7523,-1.09882,-1.04315,-2.47368,-0.805446,0.942638,0.96715,0.611467,0.101328,-0.138902,-1.42251
-0.79286,-0.294392,-1.99484,-0.18278,0.274665,0.829273,1.15862,0.878131,1.376,1.57499,1.10045,1.65192,-0.14853,-0.0234182,-0.420183,1.31617,-1.04315,0.188099,1.78481,1.81277,0.530842,-0.737357,0.454322,4.65043,0.700639
1.22289,-0.294392,0.520404,1.0041,-1.23356,0.829273,1.15862,1.42926,1.376,0.966883,0.371675,1.65192,0.864172,-0.0234182,-0.420183,1.31617,1.28531,-2.47368,-0.805446,-0.797617,-0.559929,1.96029,-0.471687,-0.138902,-1.42251
-0.79286,-0.294392,0.513871,0.52935,0.274665,0.829273,-0.443161,1.42926,1.376,0.966883,0.371675,0.885959,0.864172,1.98386,2.86381,1.31617,0.819616,0.306401,-0.527919,1.81277,-0.559929,0.611467,-0.251482,-0.138902,0.700639
1.22289,-0.294392,0.474673,-0.538845,-0.529723,-1.45313,-1.24405,-0.775254,-0.275199,0.35878,-1.81465,0.12,-0.14853,1.98386,2.25753,-0.495072,-1.04315,-0.403408,-0.527919,-0.797617,-0.559929,-0.737357,-0.101283,-0.138902,-1.42251
-0.79286,-0.294392,0.487739,-1.9631,-0.0269805,0.829273,1.15862,1.98039,1.376,1.57499,-1.81465,1.65192,-0.14853,-0.0234182,-0.420183,-1.09882,-1.04315,1.54856,-0.516818,-0.797617,-0.559929,0.611467,-0.269076,-0.138902,0.700639
1.22289,-0.294392,0.474673,-0.301468,-0.429175,-0.692329,-0.443161,-0.224126,-0.275199,-0.249322,-1.08587,-0.645958,0.864172,-0.0234182,-0.420183,-0.495072,-1.04315,0.128948,1.7108,0.0725106,-0.0145436,-0.737357,-0.677446,-0.138902,0.700639
1.22289,-0.294392,0.500805,0.0545966,0.375214,0.0684721,0.357732,-0.224126,-0.275199,-0.857425,-1.08587,-0.645958,1.87687,-0.0234182,-0.420183,-0.495072,-0.577456,0.0697978,1.59979,-0.797617,-0.559929,-0.737357,-0.677446,-0.138902,0.700639
-0.79286,-0.294392,0.520404,1.59754,1.78289,1.59007,1.15862,1.98039,1.376,-1.46553,0.371675,-1.41192,-1.16123,-1.02706,-0.420183,-1.09882,-1.04315,0.720455,-0.805446,-0.797617,-0.559929,-0.737357,0.322644,-0.138902,0.700639
-0.79286,-0.294392,0.572669,-0.0640917,3.29112,0.0684721,1.15862,-0.775254,-0.275199,-1.46553,0.371675,-0.645958,-0.14853,0.980219,-0.420183,-1.09882,-1.04315,-0.166805,-0.557522,-0.797617,-0.559929,-0.737357,3.23217,-0.138902,0.700639
-0.79286,-0.294392,0.513871,0.410661,0.274665,1.59007,1.15862,-0.775254,-0.275199,0.35878,0.371675,0.885959,1.87687,1.98386,-0.420183,1.31617,1.28531,-0.58086,-0.579724,1.81277,1.78523,-0.737357,0.657674,-0.138902,-1.42251
-0.79286,-0.294392,0.520404,-0.18278,-1.23356,-0.692329,-0.443161,-1.32638,-0.275199,-1.46553,-1.08587,-0.645958,-1.16123,-1.02706,-0.420183,-1.09882,-1.04315,-0.521709,1.15575,0.0725106,-0.559929,-0.737357,0.0839187,-0.138902,0.700639
-0.79286,-0.294392,0.507338,-0.18278,-0.429175,0.829273,-0.443161,-0.775254,-0.275199,-0.249322,-1.08587,-0.645958,0.864172,0.980219,1.09551,-0.495072,0.819616,-0.699161,-0.583424,0.0725106,1.07623,-0.737357,5.08418,-0.138902,0.700639
-0.79286,-0.294392,0.428941,-0.776221,-0.831369,-1.45313,-0.443161,0.878131,-0.275199,0.35878,0.371675,-0.645958,-0.14853,-0.0234182,-0.420183,0.712421,0.353925,-1.11322,-0.557522,1.81277,-0.559929,-0.737357,-0.0972088,-0.138902,-1.42251
1.22289,3.38551,-1.99484,1.0041,0.978505,0.0684721,-0.443161,-0.775254,-0.275199,0.966883,-1.08587,-0.645958,-1.16123,-1.02706,-0.420183,-0.495072,-1.04315,-0.285106,-0.631529,-0.797617,-0.559929,-0.737357,0.639524,-0.138902,0.700639
-0.79286,-0.294392,0.500805,-0.538845,-0.328626,-0.692329,-0.443161,-0.775254,-0.275199,0.35878,0.371675,0.885959,-0.14853,0.980219,-0.420183,1.31617,-1.04315,0.365551,1.93282,0.0725106,0.530842,-0.737357,0.269121,-0.138902,0.700639
-0.79286,-0.294392,-1.99484,-0.18278,1.1796,0.829273,1.15862,0.878131,1.376,0.966883,0.371675,1.65192,-1.16123,-1.02706,-0.420183,-1.09882,-1.04315,0.957058,-0.524218,-0.797617,-0.559929,0.611467,-0.0838742,-0.138902,0.700639
1.22289,-0.294392,0.481206,0.648038,-0.0269805,-0.692329,-0.443161,-0.224126,-0.275199,-0.249322,-0.357099,-0.645958,-1.16123,-1.02706,-0.420183,1.31617,-0.577456,-0.285106,1.26676,-0.797617,-0.559929,-0.737357,-0.677446,-0.138902,0.700639
1.22289,-0.294392,0.487739,-0.657533,-0.630272,0.829273,-0.443161,-0.775254,-1.92639,-1.46553,-1.08587,0.12,-1.16123,-1.02706,-0.420183,-0.495072,-1.04315,0.0106471,1.56279,-0.797617,-0.559929,-0.737357,-0.677446,-0.138902,0.700639
1.22289,-0.294392,0.520404,-0.18278,-0.228078,-0.692329,-0.443161,1.42926,1.376,-0.249322,-0.357099,-0.645958,0.864172,-0.0234182,-0.420183,0.108674,0.353925,1.25281,-0.527919,0.942638,0.694458,1.96029,-0.621886,-0.138902,-1.42251
1.22289,-0.294392,0.520404,0.885414,0.576311,0.829273,1.15862,-1.32638,1.376,-0.249322,1.10045,0.12,-0.14853,0.980219,-0.420183,1.31617,1.28531,1.66687,-0.490915,-0.797617,-0.559929,0.611467,-0.418164,-0.138902,-1.42251
1.22289,-0.294392,0.507338,-0.18278,-0.228078,-0.692329,-0.443161,-0.775254,1.376,-0.857425,0.371675,-0.645958,-1.16123,-1.02706,-0.420183,0.712421,-1.04315,-0.462558,1.63679,-0.797617,-0.559929,-0.737357,-0.677446,-0.138902,0.700639
1.22289,-0.294392,0.520404,-0.18278,0.777408,0.829273,-0.443161,-0.224126,-0.275199,-0.249322,-1.08587,0.12,-1.16123,-1.02706,-0.420183,0.712421,-0.111766,0.424702,1.37777,-0.797617,-0.559929,-0.737357,-0.677446,-0.138902,0.700639
-0.79286,-0.294392,0.442007,-0.538845,-0.630272,-0.692329,-1.24405,0.327003,-0.275199,0.35878,-1.08587,0.885959,0.864172,-0.0234182,-0.420183,0.712421,0.353925,-0.107654,-0.561222,0.942638,-0.559929,-0.737357,-0.0838742,-0.138902,-1.42251
-0.79286,-0.294392,0.520404,0.588694,-1.23356,-0.692329,-0.443161,0.327003,-0.275199,0.966883,1.10045,0.885959,0.864172,-0.0234182,-0.420183,0.712421,1.28531,0.188099,-0.531619,0.0725106,1.29438,0.611467,-0.0831334,-0.138902,-1.42251
-0.79286,-0.294392,0.455074,-0.538845,0.777408,-1.45313,-1.24405,-1.32638,-1.92639,-1.46553,-1.81465,-1.41192,-0.14853,-0.0234182,-0.420183,-1.09882,1.28531,-0.0485036,1.22975,1.81277,0.530842,1.96029,-0.26852,-0.138902,0.700639
1.22289,-0.294392,0.435474,-0.894909,-0.781095,-0.692329,-0.443161,-0.775254,-0.275199,-0.249322,0.371675,-0.645958,0.864172,-0.0234182,-0.420183,1.31617,-0.577456,-0.403408,-0.594525,-0.797617,-0.559929,-0.737357,5.08418,-0.138902,0.700639
-0.79286,-0.294392,0.566136,-1.9631,-0.0772548,0.829273,-0.443161,0.327003,-0.275199,0.966883,1.10045,0.12,0.864172,-1.02706,-0.420183,-1.09882,-1.04315,-0.344257,-0.561222,0.0725106,1.07623,-0.737357,-0.100542,-0.138902,-1.42251
1.22289,-0.294392,0.520404,1.0041,-1.23356,0.829273,1.15862,1.42926,1.376,0.966883,0.371675,1.65192,0.864172,-0.0234182,-0.420183,1.31617,1.28531,-2.47368,-0.805446,-0.797617,-0.559929,1.96029,0.0863263,-0.138902,0.700639
-0.79286,-0.294392,0.520404,0.885414,0.274665,0.0684721,1.15862,0.878131,1.376,0.966883,1.10045,0.885959,0.864172,-0.0234182,-0.420183,0.712421,1.28531,0.483853,1.59979,-0.797617,-0.559929,-0.737357,0.454322,4.65196,0.700639
-0.79286,-0.294392,-1.99484,-1.9631,-1.23356,-1.45313,-1.24405,-1.32638,-1.92639,-1.46553,-1.81465,-1.41192,-1.16123,-1.02706,-0.420183,-1.09882,-1.04315,0.188099,-0.483514,-0.797617,-0.559929,0.611467,-0.26852,-0.138902,0.700639
-0.79286,-0.294392,0.474673,0.648038,2.78838,0.829273,1.15862,1.42926,1.376,-1.46553,0.371675,0.885959,0.864172,1.98386,-0.420183,1.31617,1.28531,1.31196,2.48788,-0.797617,-0.559929,1.96029,-0.0838742,-0.138902,0.700639
1.22289,-0.294392,0.455074,-0.657533,-0.73082,0.829273,-0.443161,-0.775254,-0.275199,0.35878,-1.08587,0.12,0.864172,-1.02706,-0.420183,0.712421,0.353925,0.0697978,1.08174,0.0725106,-0.0145436,-0.737357,-0.677446,-0.138902,0.700639
-0.79286,-0.294392,0.481206,0.0545966,-0.228078,-1.45313,-0.443161,-0.224126,-0.275199,-0.249322,1.10045,0.12,-1.16123,-1.02706,-0.420183,-0.495072,1.28531,0.188099,-0.657432,1.81277,0.96715,0.611467,0.322644,-0.138902,-1.42251
-0.79286,-0.294392,0.487739,0.588694,-0.0269805,1.59007,1.15862,0.878131,-0.275199,-0.249322,1.10045,1.65192,-0.14853,-0.0234182,-0.420183,1.31617,1.28531,0.188099,-0.601926,0.0725106,4.94846,0.611467,-0.101283,-0.138902,-1.42251
-0.79286,3.38551,0.546537,1.59754,0.274665,-0.692329,1.15862,-0.224126,1.376,0.35878,0.371675,0.885959,1.87687,-0.0234182,1.09551,-1.09882,-1.04315,0.306401,-0.572323,0.0725106,-0.559929,-0.737357,-0.284077,-0.138902,0.700639
-0.79286,-0.294392,0.461607,-0.627861,-0.630272,0.829273,-0.443161,0.327003,-0.275199,-1.46553,-0.357099,0.12,0.864172,-0.0234182,-0.420183,-0.495072,0.819616,-0.166805,-0.546421,0.942638,0.258149,-0.737357,-0.2863,-0.138902,-1.42251
1.22289,-0.294392,0.526938,-0.301468,0.375214,0.0684721,-0.443161,-0.775254,-0.275199,-0.857425,-1.08587,-0.645958,0.864172,-1.02706,-0.420183,0.108674,-1.04315,-0.107654,-0.546421,0.942638,0.58538,-0.737357,-0.677446,-0.138902,-1.42251
-0.79286,-0.294392,0.474673,-0.776221,-0.630272,-0.692329,-0.443161,-0.775254,-0.275199,-0.857425,-0.357099,-0.645958,0.864172,-0.0234182,-0.420183,-0.495072,-0.111766,-0.225956,-0.546421,-0.797617,-0.559929,-0.737357,-0.101283,-0.138902,0.700639
1.22289,-0.294392,-1.99484,-1.9631,-1.23356,-1.45313,-1.24405,-1.32638,-1.92639,-1.46553,-1.81465,-1.41192,-1.16123,-1.02706,-0.420183,-1.09882,-1.04315,-2.47368,-0.805446,-0.797617,-0.559929,-0.737357,-0.677446,-0.138902,0.700639
-0.79286,-0.294392,0.487739,0.291973,-0.328626,-1.45313,-1.24405,-1.32638,1.376,-1.46553,-1.81465,-1.41192,-1.16123,-1.02706,-0.420183,-1.09882,-1.04315,1.72602,-0.398406,-0.797617,-0.559929,-0.737357,-0.268335,-0.138902,-1.42251
-0.79286,-0.294392,0.494272,-0.776221,0.576311,-0.692329,0.357732,-0.224126,-0.275199,-0.249322,-0.357099,-1.41192,-1.16123,-1.02706,-0.420183,-1.09882,-1.04315,-2.47368,-0.805446,-0.797617,-0.559929,1.96029,-0.101098,-0.138902,0.700639
-0.79286,-0.294392,-1.99484,-0.420156,0.174117,0.829273,1.15862,0.878131,-0.275199,0.35878,1.10045,0.885959,0.864172,-0.0234182,-0.420183,1.31617,0.819616,-0.285106,-0.505717,-0.797617,-0.559929,-0.737357,-0.286485,-0.138902,0.700639
-0.79286,-0.294392,0.566136,0.648038,1.68234,1.59007,1.95952,-1.32638,1.376,1.57499,1.10045,-1.41192,-1.16123,-1.02706,-0.420183,-1.09882,-1.04315,-2.47368,-0.805446,0.942638,0.530842,1.96029,-0.0838742,-0.138902,0.700639
-0.79286,-0.294392,0.520404,0.766726,0.777408,1.59007,1.15862,-1.32638,-0.275199,-0.249322,1.10045,0.885959,-1.16123,-1.02706,-0.420183,1.31617,-1.04315,0.24725,1.6738,0.942638,0.530842,-0.737357,-0.26852,-0.138902,0.700639
-0.79286,-0.294392,-1.99484,1.36017,-0.579998,1.59007,1.95952,0.878131,-0.275199,-0.249322,0.371675,-0.645958,0.864172,-0.0234182,1.85335,1.31617,0.819616,1.07536,-0.572323,1.81277,-0.559929,-0.737357,-0.269076,-0.138902,-1.42251
-0.79286,-0.294392,0.46814,-0.00474753,-0.630272,-0.692329,-0.443161,0.327003,-0.275199,0.35878,0.371675,0.12,0.864172,-1.02706,-0.420183,1.31617,0.819616,-0.610435,-0.576024,0.942638,0.312688,-0.737357,-0.26852,-0.138902,-1.42251
-0.79286,-0.294392,0.540004,-0.479501,-0.529723,-0.692329,-0.443161,-0.775254,-0.275199,0.35878,-1.08587,-0.645958,-0.14853,-0.0234182,-0.420183,0.712421,1.28531,-0.225956,1.34077,-0.797617,-0.559929,-0.737357,-0.101283,-0.138902,0.700639
1.22289,-0.294392,0.513871,-0.360812,-0.0269805,-0.692329,-0.443161,-0.775254,-0.275199,-0.857425,0.371675,-0.645958,0.864172,-0.0234182,-0.420183,0.712421,-0.111766,0.424702,-0.53902,0.0725106,3.80315,-0.737357,-0.101283,-0.138902,-1.42251
-0.79286,-0.294392,0.566136,1.59754,-0.228078,1.59007,1.15862,1.42926,1.376,-0.249322,0.371675,0.885959,-0.14853,1.98386,-0.420183,-1.09882,0.819616,1.07536,-0.479814,1.81277,-0.559929,0.611467,-0.269076,-0.138902,0.700639
-0.79286,3.38551,-1.99484,-1.9631,-1.23356,-1.45313,-1.24405,-1.32638,-1.92639,-1.46553,-1.81465,-1.41192,-1.16123,-1.02706,-0.420183,-1.09882,-1.04315,0.188099,-0.564922,0.942638,-0.559929,-0.737357,0.989371,-0.138902,-1.42251
-0.79286,-0.294392,0.442007,0.707382,0.777408,0.829273,-1.24405,1.98039,1.376,1.57499,1.10045,0.885959,0.864172,0.980219,-0.420183,-0.495072,1.28531,1.37111,1.04474,1.81277,0.530842,1.96029,-0.0838742,-0.138902,0.700639
-0.79286,3.38551,0.520404,1.59754,2.28564,-1.45313,-1.24405,-1.32638,-1.92639,-1.46553,-1.08587,-1.41192,0.864172,-1.02706,-0.420183,-0.495072,-1.04315,-0.403408,1.19275,0.0725106,-0.0145436,-0.737357,0.101328,4.65043,0.700639
-0.79286,-0.294392,0.520404,1.12279,0.777408,0.829273,1.15862,-1.32638,-0.275199,0.966883,0.371675,1.65192,-1.16123,-1.02706,-0.420183,-1.09882,-1.04315,-2.47368,-0.805446,-0.797617,-0.559929,-0.737357,-0.284077,-0.138902,0.700639
1.22289,-0.294392,0.585735,0.766726,0.174117,0.829273,1.15862,1.98039,-0.275199,1.57499,1.10045,-0.645958,-1.16123,1.98386,-0.420183,1.31617,-1.04315,1.78517,-0.568623,-0.797617,1.40346,0.611467,-0.06628,-0.138902,0.700639
-0.79286,-0.294392,0.520404,-1.07294,-0.328626,-1.45313,-1.24405,-1.32638,-1.92639,-1.46553,-1.81465,-1.41192,-1.16123,-1.02706,-0.420183,-1.09882,-1.04315,-0.107654,-0.520518,-0.797617,-0.559929,-0.737357,-0.286115,-0.138902,0.700639
-0.79286,-0.294392,0.507338,0.173285,0.274665,1.59007,1.15862,0.327003,1.376,0.35878,0.371675,0.885959,0.864172,-0.0234182,-0.420183,0.712421,1.28531,0.0697978,-0.546421,0.942638,1.56707,-0.737357,-0.100913,-0.138902,-1.42251
1.22289,-0.294392,0.455074,-0.538845,0.274665,1.59007,-0.443161,0.327003,-0.275199,-1.46553,-0.357099,-0.645958,-0.14853,-0.0234182,-0.420183,-0.495072,-0.577456,0.365551,-0.487215,-0.797617,-0.559929,-0.737357,-0.603365,-0.138902,0.700639
-0.79286,-0.294392,0.494272,-0.420156,-0.0269805,-0.692329,-0.443161,1.42926,-0.275199,0.966883,0.371675,-0.645958,0.864172,1.98386,3.11642,-0.495072,-1.04315,0.720455,-0.527919,0.942638,0.858073,0.611467,-0.268891,-0.138902,-1.42251
1.22289,-0.294392,0.500805,-0.716877,0.073568,-0.692329,-0.443161,-0.775254,-0.275199,0.35878,-1.08587,0.12,-1.16123,-1.02706,-0.420183,-0.495072,-1.04315,-0.344257,-0.550121,-0.797617,-0.559929,-0.737357,-0.101283,-0.138902,0.700639
1.22289,-0.294392,0.481206,-0.360812,0.877956,0.0684721,-0.443161,1.42926,-0.275199,0.35878,-1.08587,-0.645958,-1.16123,-0.0234182,-0.420183,-1.09882,-0.111766,0.306401,1.19275,1.81277,-0.0145436,-0.737357,-0.677446,-0.138902,0.700639
1.22289,-0.294392,0.36361,0.648038,-1.23356,0.829273,1.15862,0.327003,-0.275199,0.35878,0.371675,0.12,0.864172,1.98386,-0.420183,-1.09882,0.819616,0.188099,-0.546421,1.81277,2.05792,1.96029,-0.268335,-0.138902,-1.42251
-0.79286,-0.294392,0.494272,0.113941,-0.127529,-1.45313,-0.443161,-1.32638,-0.275199,1.57499,0.371675,-1.41192,-1.16123,-1.02706,-0.420183,-1.09882,1.28531,-0.344257,1.59979,-0.797617,-0.559929,1.96029,-0.0838742,-0.138902,0.700639
-0.79286,-0.294392,0.487739,0.707382,0.274665,1.59007,1.15862,0.878131,1.376,1.57499,1.10045,1.65192,-1.16123,-1.02706,-0.420183,1.31617,1.28531,0.779606,-0.579724,-0.797617,-0.559929,0.611467,-0.0838742,-0.138902,0.700639
-0.79286,-0.294392,0.500805,-0.420156,-0.429175,-0.692329,-0.443161,-0.224126,-0.275199,-0.857425,-0.357099,-0.645958,-0.14853,-0.0234182,-0.420183,-0.495072,-1.04315,0.0697978,-0.505717,-0.797617,-0.559929,-0.737357,-0.677446,-0.138902,-1.42251
-0.79286,-0.294392,-1.99484,-0.894909,0.375214,-0.692329,-0.443161,0.878131,-0.275199,1.57499,0.371675,0.885959,0.864172,1.98386,1.60074,-1.09882,0.819616,-0.0485036,-0.587125,-0.797617,-0.559929,0.611467,-0.269076,-0.138902,0.700639
-0.79286,-0.294392,0.513871,0.766726,-0.228078,-0.692329,-1.24405,-1.32638,1.376,-1.46553,0.371675,0.885959,-1.16123,-1.02706,-0.420183,-0.495072,-1.04315,-2.47368,-0.805446,-0.797617,-0.559929,-0.737357,-0.26852,-0.138902,-1.42251
-0.79286,3.38551,0.500805,1.71623,3.19057,-0.692329,1.15862,-0.224126,-0.275199,-0.249322,0.371675,1.65192,-1.16123,-1.02706,-0.420183,-1.09882,-1.04315,0.306401,-0.509417,0.0725106,-0.559929,-0.737357,1.06345,-0.138902,-1.42251
1.22289,-0.294392,-1.99484,0.885414,-1.23356,0.829273,1.15862,0.327003,1.376,1.57499,1.10045,1.65192,-1.16123,-0.0234182,-0.420183,1.31617,1.28531,1.07536,-0.805446,-0.797617,-0.559929,0.611467,6.9362,-0.138902,0.700639
-0.79286,-0.294392,0.461607,0.0545966,0.375214,0.829273,-1.24405,0.327003,-0.275199,0.966883,-0.357099,1.65192,0.864172,0.980219,2.86381,-0.495072,1.28531,0.306401,-0.53902,0.0725106,-0.559929,-0.737357,-0.0831334,-0.138902,0.700639
-0.79286,-0.294392,0.494272,0.648038,-0.0269805,0.829273,1.15862,0.878131,-0.275199,1.57499,1.10045,0.885959,0.864172,-0.0234182,-0.420183,0.712421,0.819616,-0.0485036,-0.635229,-0.797617,-0.559929,0.611467,-0.268335,-0.138902,0.700639
-0.79286,-0.294392,0.487739,1.24148,1.78289,0.0684721,1.15862,0.878131,-0.275199,0.966883,0.371675,0.885959,0.864172,-1.02706,-0.420183,0.712421,0.819616,-2.47368,-0.805446,1.81277,-0.559929,-0.737357,-0.269076,-0.138902,0.700639
1.22289,-0.294392,0.500805,-0.538845,-1.23356,0.0684721,-1.24405,-0.775254,1.376,0.35878,0.371675,-0.645958,0.864172,-0.0234182,-0.420183,-1.09882,-0.111766,-0.462558,-0.561222,-0.797617,-0.559929,-0.737357,-0.101283,-0.138902,0.700639
-0.79286,-0.294392,0.572669,1.0041,1.33042,1.59007,1.95952,1.98039,-0.275199,-0.249322,1.10045,-0.645958,-0.14853,1.98386,0.590276,-1.09882,0.819616,1.43026,-0.324399,1.81277,0.530842,1.96029,-0.286115,-0.138902,0.700639
1.22289,-0.294392,0.396276,-0.716877,-0.328626,0.829273,1.15862,-0.224126,-0.275199,-0.857425,1.10045,-0.645958,-0.14853,-0.0234182,-0.420183,-1.09882,1.28531,0.602154,-0.54272,-0.797617,-0.559929,0.611467,0.269121,-0.138902,0.700639
-0.79286,3.38551,0.540004,1.71623,0.576311,0.829273,-0.443161,-0.224126,-0.275199,-0.249322,0.371675,1.65192,-0.14853,-0.0234182,-0.420183,1.31617,0.819616,0.483853,-0.524218,1.81277,-0.559929,0.611467,-0.26852,-0.138902,-1.42251
1.22289,-0.294392,-1.99484,1.36017,-0.0269805,0.829273,1.15862,0.878131,1.376,1.57499,1.10045,0.12,-1.16123,-1.02706,-0.420183,1.31617,-1.04315,-0.107654,-0.609327,1.81277,0.858073,-0.737357,-0.603365,-0.138902,-1.42251
-0.79286,-0.294392,-1.99484,0.410661,-1.23356,0.829273,1.15862,0.327003,-0.275199,0.966883,1.10045,1.65192,-1.16123,-1.02706,-0.420183,1.31617,1.28531,0.0697978,1.78481,-0.797617,-0.559929,-0.737357,-0.101283,-0.138902,0.700639
-0.79286,3.38551,0.540004,3.49656,2.98948,-0.692329,-1.24405,-0.775254,-0.275199,0.966883,-1.08587,0.885959,-1.16123,-1.02706,-0.420183,0.108674,-1.04315,-0.521709,-0.683334,-0.797617,-0.559929,0.611467,0.639524,-0.138902,0.700639
-0.79286,-0.294392,0.455074,0.173285,-1.23356,0.0684721,-0.443161,-0.775254,-0.275199,-0.249322,-1.08587,-0.645958,-0.14853,-0.0234182,-0.420183,-0.495072,-1.04315,-0.403408,1.59979,0.942638,0.530842,1.96029,0.657674,-0.138902,0.700639
-0.79286,-0.294392,0.533471,0.885414,0.174117,0.829273,1.15862,0.878131,-0.275199,-1.46553,1.10045,-1.41192,-1.16123,1.98386,3.36904,-1.09882,-1.04315,1.31196,-0.472413,-0.797617,-0.559929,0.611467,-0.269076,-0.138902,-1.42251
1.22289,-0.294392,0.455074,-0.420156,-0.630272,-0.692329,-0.443161,-0.775254,-0.275199,-0.249322,0.371675,0.12,0.864172,-0.0234182,-0.420183,0.712421,1.28531,-0.344257,1.45178,0.0725106,-0.0145436,-0.737357,-0.677446,-0.138902,0.700639
-0.79286,-0.294392,0.670666,0.173285,0.877956,0.829273,1.15862,-0.775254,-0.275199,-0.249322,0.371675,-0.645958,0.864172,-0.0234182,-0.420183,-1.09882,-1.04315,0.720455,-0.531619,1.81277,-0.559929,0.611467,1.43386,-0.138902,-1.42251
1.22289,-0.294392,0.487739,-0.776221,0.0232937,-1.45313,-0.443161,-0.775254,-0.275199,0.966883,0.371675,0.12,-0.14853,-0.0234182,-0.420183,1.31617,-1.04315,-0.285106,1.74781,-0.797617,-0.559929,-0.737357,-0.677446,-0.138902,0.700639
1.22289,-0.294392,0.513871,-0.538845,-0.429175,0.0684721,-0.443161,-0.775254,-0.275199,-0.857425,-1.81465,0.12,0.864172,-0.0234182,-0.420183,-1.09882,-0.111766,-0.166805,-0.564922,-0.797617,-0.559929,-0.737357,-0.101283,-0.138902,-1.42251
1.22289,3.38551,0.526938,0.648038,0.174117,-1.45313,-1.24405,-1.32638,-1.92639,-1.46553,-1.81465,-1.41192,-1.16123,-1.02706,-0.420183,-1.09882,-1.04315,-0.403408,-0.587125,-0.797617,-0.559929,-0.737357,-0.677446,-0.138902,0.700639
-0.79286,-0.294392,0.428941,0.262301,0.576311,-1.45313,-1.24405,0.327003,1.376,0.966883,1.10045,0.12,0.864172,1.98386,2.10596,1.31617,0.819616,0.365551,-0.531619,1.81277,1.1853,0.611467,1.5835,-0.138902,-1.42251
-0.79286,-0.294392,0.507338,-0.657533,-0.177803,0.829273,-0.443161,-0.224126,-0.275199,0.35878,0.371675,0.885959,0.864172,-0.0234182,-0.420183,-0.495072,1.28531,0.128948,-0.564922,0.942638,1.83977,-0.737357,-0.268335,-0.138902,-1.42251
1.22289,-0.294392,-1.99484,-0.301468,2.18509,0.829273,-0.443161,-0.775254,-0.275199,0.35878,0.371675,-0.645958,0.864172,-0.0234182,-0.420183,-0.495072,-1.04315,-0.107654,-0.583424,-0.797617,-0.559929,1.96029,0.286715,-0.138902,0.700639
1.22289,-0.294392,0.526938,0.0545966,-0.228078,0.0684721,-0.443161,0.327003,-0.275199,0.35878,0.371675,0.12,-0.14853,-0.0234182,-0.420183,-0.495072,1.28531,-0.225956,-0.564922,0.0725106,-0.559929,-0.737357,0.271528,-0.138902,-1.42251
1.22289,-0.294392,0.507338,-0.360812,-0.328626,0.829273,-0.443161,-0.224126,-0.275199,-0.249322,0.371675,0.12,-1.16123,1.98386,2.30806,-1.09882,0.819616,0.128948,-0.53902,1.81277,-0.559929,-0.737357,-0.284077,-0.138902,-1.42251
-0.79286,-0.294392,0.500805,-0.716877,-0.228078,-1.45313,-1.24405,-0.775254,-0.275199,-1.46553,0.371675,-1.41192,-1.16123,-1.02706,-0.420183,0.712421,-1.04315,0.306401,1.41477,-0.797617,-0.559929,-0.737357,-0.677446,-0.138902,0.700639
-0.79286,-0.294392,0.572669,-0.0640917,3.29112,0.0684721,1.15862,-0.775254,-0.275199,-1.46553,0.371675,-0.645958,-0.14853,0.980219,2.86381,-0.495072,1.28531,-0.166805,-0.557522,-0.797617,-0.559929,-0.737357,5.08418,-0.138902,0.700639
-0.79286,-0.294392,0.455074,-0.18278,1.28015,0.829273,1.15862,-0.775254,-0.275199,0.35878,0.371675,0.12,0.864172,0.980219,1.34812,0.712421,0.819616,-0.403408,-0.564922,-0.797617,-0.559929,0.611467,-0.268335,-0.138902,0.700639
-0.79286,-0.294392,0.46814,0.410661,-1.23356,0.829273,1.15862,1.98039,-0.275199,1.57499,1.10045,-0.645958,0.864172,1.98386,-0.420183,0.712421,-0.577456,0.483853,1.22975,1.81277,0.530842,-0.737357,0.101513,-0.138902,0.700639
-0.79286,-0.294392,-1.99484,1.0041,0.274665,0.829273,1.15862,0.878131,1.376,1.57499,1.10045,1.65192,1.87687,1.98386,-0.420183,1.31617,0.819616,0.602154,-0.561222,-0.797617,-0.559929,-0.737357,-0.284077,-0.138902,0.700639
-0.79286,-0.294392,0.46814,1.59754,0.174117,0.829273,1.15862,0.327003,-0.275199,1.57499,0.371675,0.885959,-0.14853,-0.0234182,-0.420183,-1.09882,-1.04315,1.37111,-0.546421,1.81277,-0.559929,0.611467,0.101328,-0.138902,-1.42251
-0.79286,-0.294392,-1.99484,0.291973,-1.23356,-1.45313,1.15862,-1.32638,-1.92639,-1.46553,1.10045,1.65192,-1.16123,-1.02706,-0.420183,-1.09882,1.28531,-2.47368,-0.805446,-0.797617,-0.559929,1.96029,1.38274,-0.138902,0.700639
-0.79286,3.38551,0.540004,2.48771,1.28015,-0.692329,1.15862,1.98039,1.376,1.57499,0.371675,0.12,-0.14853,-0.0234182,-0.420183,-1.09882,-1.04315,0.483853,-0.576024,-0.797617,-0.559929,0.611467,0.101698,-0.138902,0.700639
-0.79286,-0.294392,0.487739,-0.894909,-0.429175,0.829273,-0.443161,-0.775254,-0.275199,0.966883,-0.357099,0.12,1.87687,1.98386,0.590276,0.712421,-1.04315,-0.285106,1.96983,0.942638,-0.0145436,1.96029,-0.101283,-0.138902,0.700639
1.22289,-0.294392,0.415875,-0.479501,0.777408,0.0684721,1.15862,0.327003,-0.275199,-0.857425,0.371675,0.12,1.87687,-0.0234182,3.11642,-1.09882,-1.04315,-0.255531,-0.564922,-0.797617,-0.559929,-0.737357,-0.101283,-0.138902,0.700639
1.22289,-0.294392,0.474673,-0.776221,-0.429175,-0.692329,-0.443161,-0.775254,-0.275199,-0.857425,-1.08587,-0.645958,-1.16123,-1.02706,-0.420183,-0.495072,-0.577456,-0.285106,-0.553821,-0.797617,-0.559929,-0.737357,-0.677446,-0.138902,0.700639
1.22289,-0.294392,0.500805,-0.301468,0.777408,1.59007,1.15862,-0.775254,-0.275199,-0.249322,1.10045,0.885959,0.864172,0.980219,3.36904,-1.09882,-1.04315,0.306401,-0.53902,0.0725106,0.803535,-0.737357,0.859729,-0.138902,-1.42251
-0.79286,-0.294392,0.526938,-0.538845,-0.630272,-1.45313,-1.24405,-0.775254,-1.92639,-0.857425,-1.08587,-1.41192,-1.16123,-1.02706,-0.420183,-1.09882,-1.04315,-0.344257,1.6738,-0.797617,-0.559929,-0.737357,-0.677446,-0.138902,0.700639
1.22289,-0.294392,0.618401,0.351317,-1.23356,0.829273,1.15862,1.42926,-0.275199,-0.249322,0.371675,-0.645958,-0.14853,-0.0234182,-0.420183,1.31617,-0.577456,1.43026,-0.564922,-0.797617,-0.559929,0.611467,0.878249,-0.138902,-1.42251
-0.79286,-0.294392,-1.99484,0.113941,-0.429175,0.829273,1.95952,1.42926,1.376,-0.249322,0.371675,0.12,0.864172,-0.0234182,-0.420183,1.31617,1.28531,1.07536,-0.527919,-0.797617,-0.559929,0.611467,-0.418164,-0.138902,0.700639
-0.79286,-0.294392,0.500805,0.173285,-0.328626,-1.45313,-1.24405,-1.32638,-1.92639,-1.46553,-1.81465,-1.41192,-1.16123,-1.02706,-0.420183,-1.09882,-1.04315,-0.403408,-0.568623,-0.797617,-0.559929,-0.737357,-0.0988756,-0.138902,0.700639
1.22289,-0.294392,0.520404,-0.360812,-1.23356,-0.692329,-0.443161,-0.775254,-0.275199,0.35878,-1.08587,-0.645958,0.864172,-0.0234182,-0.420183,-0.495072,-1.04315,-0.107654,-0.553821,0.942638,3.25777,-0.737357,-0.677446,-0.138902,-1.42251
-0.79286,-0.294392,0.520404,-0.00474753,-0.0269805,-0.692329,-0.443161,-0.775254,-0.275199,0.35878,0.371675,-0.645958,0.864172,-0.0234182,-0.420183,1.31617,1.28531,-0.107654,-0.557522,0.0725106,-0.559929,-0.737357,5.08418,-0.138902,-1.42251
1.22289,-0.294392,0.474673,0.470005,-0.630272,0.829273,-0.443161,-0.775254,1.376,0.966883,-1.81465,0.885959,-0.14853,1.98386,-0.420183,-1.09882,-1.04315,0.483853,-0.546421,-0.797617,-0.559929,1.96029,-0.269076,-0.138902,0.700639
1.22289,3.38551,0.585735,0.52935,0.274665,-1.45313,-1.24405,-1.32638,-0.275199,-1.46553,-1.81465,-1.41192,-1.16123,-1.02706,-0.420183,-1.09882,-1.04315,-0.817462,-0.620428,-0.797617,-0.559929,-0.737357,-0.677446,-0.138902,0.700639
-0.79286,-0.294392,-1.99484,-1.9631,-1.23356,-1.45313,-1.24405,-1.32638,-1.92639,-1.46553,-1.81465,-1.41192,-1.16123,-1.02706,-0.420183,-1.09882,-1.04315,-2.47368,-0.805446,-0.797617,-0.559929,-0.737357,-0.284077,-0.138902,0.700639
-0.79286,-0.294392,0.487739,-0.479501,0.576311,-1.45313,-0.443161,-0.775254,-0.275199,0.35878,-0.357099,0.12,-1.16123,-1.02706,-0.420183,0.712421,-1.04315,-0.166805,-0.561222,0.0725106,2.33061,-0.737357,0.878249,-0.138902,-1.42251
1.22289,-0.294392,0.526938,-0.627861,-0.429175,0.0684721,-0.443161,-0.224126,-0.275199,-0.857425,-1.08587,-1.41192,-1.16123,-1.02706,-0.420183,-0.495072,-0.577456,0.0697978,1.34077,-0.797617,-0.559929,-0.737357,-0.677446,-0.138902,0.700639
-0.79286,-0.294392,0.546537,0.410661,0.978505,0.829273,1.15862,0.327003,-0.275199,-0.249322,0.371675,0.885959,0.864172,0.980219,3.11642,0.712421,-0.577456,0.720455,-0.564922,1.81277,-0.559929,0.611467,0.639524,-0.138902,0.700639
-0.79286,-0.294392,0.422408,-0.00474753,-0.228078,-0.692329,1.15862,-0.224126,-0.275199,0.966883,0.371675,0.885959,-0.14853,-1.02706,-0.420183,-0.495072,1.28531,-0.403408,-0.550121,0.942638,-0.559929,0.611467,5.08418,-0.138902,0.700639
-0.79286,-0.294392,-1.99484,0.351317,-0.0269805,0.829273,1.15862,0.327003,-0.275199,-1.46553,0.371675,-1.41192,0.864172,-0.0234182,-0.420183,-1.09882,0.819616,0.0697978,1.48878,-0.797617,0.530842,1.96029,-0.268335,-0.138902,0.700639
1.22289,-0.294392,0.520404,-0.776221,-0.429175,-0.692329,-0.443161,-0.775254,-0.275199,-0.249322,-1.08587,-0.645958,-1.16123,-1.02706,-0.420183,0.712421,-0.111766,-0.285106,1.6738,-0.797617,-0.559929,-0.737357,-0.677446,-0.138902,0.700639
-0.79286,-0.294392,-1.99484,1.59754,2.28564,1.59007,-1.24405,0.878131,1.376,-0.249322,1.10045,-1.41192,-1.16123,-1.02706,-0.420183,-1.09882,1.28531,0.779606,1.59979,-0.797617,-0.559929,1.96029,-0.0838742,-0.138902,0.700639
1.22289,-0.294392,0.435474,0.173285,-0.0269805,0.829273,0.357732,0.878131,1.376,0.966883,0.371675,0.885959,1.87687,-0.0234182,-0.420183,1.31617,0.819616,0.128948,-0.805446,1.81277,1.23984,1.96029,-0.26852,-0.138902,-1.42251
-0.79286,-0.294392,0.455074,0.173285,0.274665,1.59007,1.15862,0.878131,-0.275199,0.966883,1.10045,0.885959,0.864172,-0.0234182,-0.420183,0.712421,1.28531,1.07536,-0.553821,-0.797617,-0.559929,0.611467,-0.0838742,-0.138902,0.700639
-0.79286,-0.294392,0.389743,1.0041,-0.0269805,0.829273,1.15862,0.327003,-0.275199,0.35878,0.371675,0.885959,1.87687,-0.0234182,-0.420183,1.31617,0.819616,0.483853,-0.583424,1.81277,1.29438,-0.737357,-0.26852,-0.138902,-1.42251
-0.79286,-0.294392,0.435474,-0.776221,-0.228078,-1.45313,-1.24405,-1.32638,-1.92639,-1.46553,-1.81465,-1.41192,-1.16123,-1.02706,-0.420183,1.31617,-0.577456,-0.344257,1.48878,0.0725106,-0.0145436,1.96029,0.454508,-0.138902,0.700639
2,1,38.5,54,20,-1.014e-16,1,2,2,3,4,1,2,2,5.9,3.25665e-16,2,42,6.3,-2.41011e-17,3.07856e-17,1,3111,-1.4803e-18,1
2,1,37.6,48,36,-1.014e-16,9.84398e-17,1,1,1.02881e-16,3,-4.51491e-17,1.55431e-17,1.64313e-16,1.46179e-16,3.25665e-16,3.4787e-17,44,6.3,1,5,1,3111,-1.4803e-18,1
1,1,37.7,44,28,-1.014e-16,4,3,2,5,4,4,1,1,1.46179e-16,3,5,45,70,3,2,1,3205,-1.4803e-18,2
1,1,37,56,24,3,1,4,2,4,4,3,1,1,1.46179e-16,3.25665e-16,3.4787e-17,35,61,3,2,3,2205,2208,2
2,1,38,42,12,3,9.84398e-17,3,1,1,1.13983e-16,1,1.55431e-17,1.64313e-16,1.46179e-16,3.25665e-16,2,37,5.8,-2.41011e-17,3.07856e-17,1,3111,-1.4803e-18,2
1,1,1.38371e-15,60,40,3,9.84398e-17,1,1,1.02881e-16,4,-4.51491e-17,3,2,1.46179e-16,3.25665e-16,5,42,72,-2.41011e-17,3.07856e-17,1,3111,-1.4803e-18,2
2,1,38.4,80,60,3,2,2,1,3,2,1,2,2,1.46179e-16,1,1,54,6.9,-2.41011e-17,3.07856e-17,1,3.60822e-17,-1.4803e-18,2
2,1,37.8,48,12,2,1,2,1,3,1.13983e-16,1,2,1.64313e-16,1.46179e-16,2,3.4787e-17,48,7.3,1,3.07856e-17,1,3.60822e-17,-1.4803e-18,1
1.60612e-16,1,38,65,40,-1.014e-16,1,4,2,2,1.13983e-16,-4.51491e-17,1.55431e-17,1.64313e-16,1.46179e-16,3.25665e-16,5,-1.22125e-17,2.39808e-16,-2.41011e-17,3.07856e-17,-2.33147e-16,3111,3205,2
2,1,37.9,45,36,3,3,3,2,2,3,1,2,1,1.46179e-16,3,3.4787e-17,33,5.7,3,3.07856e-17,1,2205,-1.4803e-18,1
2,1,39,84,12,3,1,5,1,2,4,2,1,2,7,3.25665e-16,4,62,5.9,2,2.2,2,2208,-1.4803e-18,1
2,1,38.2,60,24,3,1,3,2,3,3,2,3,3,1.46179e-16,4,4,53,7.5,2,1.4,1,1124,-1.4803e-18,1
1,1,1.38371e-15,140,-1.28693e-16,-1.014e-16,9.84398e-17,4,2,5,4,4,1,1,1.46179e-16,3.25665e-16,5,30,69,-2.41011e-17,3.07856e-17,2,6112,-1.4803e-18,2
1,1,37.9,120,60,3,3,3,1,5,4,4,2,2,7.5,4,5,52,6.6,3,1.8,2,3205,-1.4803e-18,1
2,1,38,72,36,1,1,3,1,3,1.13983e-16,2,2,1,1.46179e-16,3,5,38,6.8,2,2,1,3124,-1.4803e-18,1
2,9,38,92,28,1,1,2,1,1,3,2,3,1.64313e-16,7.2,3.25665e-16,3.4787e-17,37,6.1,1,1.1,1,3.60822e-17,-1.4803e-18,1
1,1,38.3,66,30,2,3,1,1,2,4,3,3,2,8.5,4,5,37,6,-2.41011e-17,3.07856e-17,1,5111,-1.4803e-18,2
2,1,37.5,48,24,3,1,1,1,2,1,-4.51491e-17,1,1,1.46179e-16,3,2,43,6,1,2.8,1,7111,-1.4803e-18,1
1,1,37.5,88,20,2,3,3,1,4,3,3,1.55431e-17,1.64313e-16,1.46179e-16,3.25665e-16,3.4787e-17,35,6.4,1,3.07856e-17,2,2205,-1.4803e-18,2
2,9,1.38371e-15,150,60,4,4,4,2,5,4,4,1.55431e-17,1.64313e-16,1.46179e-16,3.25665e-16,3.4787e-17,-1.22125e-17,2.39808e-16,-2.41011e-17,3.07856e-17,2,1400,-1.4803e-18,2
1,1,39.7,100,30,-1.014e-16,9.84398e-17,6,2,4,4,3,1,1.64313e-16,1.46179e-16,4,5,65,75,-2.41011e-17,3.07856e-17,3,3205,-1.4803e-18,2
1,1,38.3,80,-1.28693e-16,3,3,4,2,5,4,3,2,1,1.46179e-16,4,4,45,7.5,2,4.6,1,3209,-1.4803e-18,1
2,1,37.5,40,32,3,1,3,1,3,2,3,2,1,1.46179e-16,3.25665e-16,5,32,6.4,1,1.1,1,3124,-1.4803e-18,1
1,1,38.4,84,30,3,1,5,2,4,3,3,2,3,6.5,4,4,47,7.5,3,3.07856e-17,2,6111,-1.4803e-18,2
1,1,38.1,84,44,4,9.84398e-17,4,2,5,3,1,1,3,5,3.25665e-16,4,60,6.8,-2.41011e-17,5.7,2,2209,-1.4803e-18,1
2,1,38.7,52,-1.28693e-16,1,1,1,1,1,3,1,1.55431e-17,1.64313e-16,1.46179e-16,1,3,4,74,-2.41011e-17,3.07856e-17,1,3.60822e-17,-1.4803e-18,2
2,1,38.1,44,40,2,1,3,1,3,3,1,1.55431e-17,1.64313e-16,1.46179e-16,1,3,35,6.8,-2.41011e-17,3.07856e-17,1,3.60822e-17,-1.4803e-18,2
2,1,38.4,52,20,2,1,3,1,1,3,2,2,1,1.46179e-16,3,5,41,63,1,1,1,3.60822e-17,-1.4803e-18,2
1,1,38.2,60,-1.28693e-16,1,9.84398e-17,3,1,2,1,1,1,1,1.46179e-16,4,4,43,6.2,2,3.9,1,2206,-1.4803e-18,1
2,1,37.7,40,18,1,1,1,2.61272e-16,3,2,1,1,1,1.46179e-16,3,3,36,3.5,-2.41011e-17,3.07856e-17,1,400,-1.4803e-18,2
1,1,39.1,60,10,-1.014e-16,1,1,2.61272e-16,2,3,-4.51491e-17,1.55431e-17,1.64313e-16,1.46179e-16,4,4,-1.22125e-17,2.39808e-16,-2.41011e-17,3.07856e-17,1,2113,-1.4803e-18,2
2,1,37.8,48,16,1,1,1,1,1.02881e-16,1,1,2,1,1.46179e-16,4,3,43,7.5,-2.41011e-17,3.07856e-17,1,3.60822e-17,-1.4803e-18,2
1,1,39,120,-1.28693e-16,4,3,5,2,2,4,3,2,3,8,3.25665e-16,3.4787e-17,65,8.2,3,4.6,1,5110,-1.4803e-18,2
1,1,38.2,76,-1.28693e-16,2,3,2,1,5,3,3,1,2,6,1,5,35,6.5,2,0.9,1,3205,-1.4803e-18,1
2,1,38.3,88,-1.28693e-16,-1.014e-16,9.84398e-17,6,2.61272e-16,1.02881e-16,1.13983e-16,-4.51491e-17,1.55431e-17,1.64313e-16,1.46179e-16,3.25665e-16,3.4787e-17,-1.22125e-17,2.39808e-16,-2.41011e-17,3.07856e-17,2,2300,-1.4803e-18,2
1,1,38,80,30,3,3,3,1,1.02881e-16,1.13983e-16,-4.51491e-17,1.55431e-17,1.64313e-16,6,3.25665e-16,3.4787e-17,48,8.3,-2.41011e-17,4.3,1,2111,-1.4803e-18,2
1,1,1.38371e-15,-1.61352e-16,-1.28693e-16,3,1,1,1,2,3,3,1,3,6,4,4,-1.22125e-17,2.39808e-16,2,3.07856e-17,2,2113,-1.4803e-18,1
1,1,37.6,40,-1.28693e-16,1,1,1,1,1,1,1,1.55431e-17,1.64313e-16,1.46179e-16,1,1,-1.22125e-17,2.39808e-16,2,2.1,1,31110,-1.4803e-18,1
2,1,37.5,44,-1.28693e-16,1,1,1,1,3,3,2,1.55431e-17,1.64313e-16,1.46179e-16,3.25665e-16,3.4787e-17,45,5.8,2,1.4,1,3111,-1.4803e-18,1
2,1,38.2,42,16,1,1,3,1,1,3,1,1.55431e-17,1.64313e-16,1.46179e-16,1,3.4787e-17,35,60,1,1,1,3.60822e-17,-1.4803e-18,2
2,1,38,56,44,3,3,3,2.61272e-16,1.02881e-16,1,1,2,1,1.46179e-16,4,3.4787e-17,47,70,2,1,1,3.60822e-17,-1.4803e-18,2
2,1,38.3,45,20,3,3,2,2,2,4,1,2,1.64313e-16,1.46179e-16,4,3.4787e-17,-1.22125e-17,2.39808e-16,-2.41011e-17,3.07856e-17,1,3.60822e-17,-1.4803e-18,2
1,1,1.38371e-15,48,96,1,1,3,1,1.02881e-16,4,1,2,1,1.46179e-16,1,4,42,8,1,3.07856e-17,1,2208,-1.4803e-18,2
1,1,37.7,55,28,2,1,2,1,2,3,3,1.55431e-17,3,5,4,5,-1.22125e-17,2.39808e-16,-2.41011e-17,3.07856e-17,1,3209,-1.4803e-18,2
2,1,36,100,20,4,3,6,2,2,4,3,1,1,1.46179e-16,4,5,74,5.7,2,2.5,3,3205,-1.4803e-18,1
1,1,37.1,60,20,2,9.84398e-17,4,1,3,1.13983e-16,3,1.55431e-17,2,5,3,4,64,8.5,2,3.07856e-17,1,7111,-1.4803e-18,1
2,1,37.1,114,40,3,9.84398e-17,3,2,2,2,1,1.55431e-17,1.64313e-16,1.46179e-16,3.25665e-16,3,32,2.39808e-16,3,6.5,1,400,-1.4803e-18,2
1,1,38.1,72,30,3,3,3,1,4,4,3,2,1,1.46179e-16,3,5,37,56,3,1,1,4206,-1.4803e-18,2
1,1,37,44,12,3,1,1,2,1,1,1,1.55431e-17,1.64313e-16,1.46179e-16,4,2,40,6.7,3,8,1,2208,-1.4803e-18,2
1,1,38.6,48,20,3,1,1,1,4,3,1,1.55431e-17,1.64313e-16,1.46179e-16,3,3.4787e-17,37,75,-2.41011e-17,3.07856e-17,1,3111,-1.4803e-18,2
1,1,1.38371e-15,82,72,3,1,4,1,2,3,3,1.55431e-17,3,1.46179e-16,4,4,53,65,3,2,3,2209,3205,2
1,9,38.2,78,60,4,4,6,2.61272e-16,3,3,3,1.55431e-17,1.64313e-16,1.46179e-16,1,3.4787e-17,59,5.8,3,3.1,2,1400,-1.4803e-18,1
2,1,37.8,60,16,1,1,3,1,2,3,2,1,2,1.46179e-16,3,3.4787e-17,41,73,-2.41011e-17,3.07856e-17,3,4124,-1.4803e-18,2
1,1,38.7,34,30,2,9.84398e-17,3,1,2,3,-4.51491e-17,1.55431e-17,1.64313e-16,1.46179e-16,3.25665e-16,3.4787e-17,33,69,-2.41011e-17,2,3,7113,-1.4803e-18,2
1,1,1.38371e-15,36,12,1,1,1,1,1,2,1,1,1,1.46179e-16,1,5,44,2.39808e-16,-2.41011e-17,3.07856e-17,1,31110,-1.4803e-18,1
2,1,38.3,44,60,-1.014e-16,9.84398e-17,1,1,1.02881e-16,1.13983e-16,-4.51491e-17,1.55431e-17,1.64313e-16,1.46179e-16,3.25665e-16,3.4787e-17,6.4,36,-2.41011e-17,3.07856e-17,1,3.60822e-17,-1.4803e-18,2
2,1,37.4,54,18,3,9.84398e-17,1,1,3,4,3,2,2,1.46179e-16,4,5,30,7.1,2,3.07856e-17,1,7111,-1.4803e-18,1
1,1,1.38371e-15,-1.61352e-16,-1.28693e-16,4,3,4.07082e-17,2,2,4,1,1.55431e-17,1.64313e-16,1.46179e-16,3.25665e-16,3.4787e-17,54,76,3,2,1,8405,-1.4803e-18,2
1,1,36.6,48,16,3,1,3,1,4,1,1,1,1,1.46179e-16,3.25665e-16,3.4787e-17,27,56,-2.41011e-17,3.07856e-17,3,4206,-1.4803e-18,2
1,1,38.5,90,-1.28693e-16,1,1,3,1,3,3,3,2,3,2,4,5,47,79,-2.41011e-17,3.07856e-17,1,6112,-1.4803e-18,2
1,1,1.38371e-15,75,12,1,1,4,1,5,3,3,1.55431e-17,3,5.8,3.25665e-16,3.4787e-17,58,8.5,1,3.07856e-17,1,2209,-1.4803e-18,1
2,1,38.2,42,-1.28693e-16,3,1,1,1,1,1,2,2,1,1.46179e-16,3,2,35,5.9,2,3.07856e-17,1,3113,-1.4803e-18,2
1,9,38.2,78,60,4,4,6,2.61272e-16,3,3,3,1.55431e-17,1.64313e-16,1.46179e-16,1,3.4787e-17,59,5.8,3,3.1,2,2205,-1.4803e-18,1
2,1,38.6,60,30,1,1,3,1,4,2,2,1,1,1.46179e-16,3.25665e-16,3.4787e-17,40,6,1,3.07856e-17,1,3205,-1.4803e-18,2
2,1,37.8,42,40,1,1,1,1,1,3,1,1.55431e-17,1.64313e-16,1.46179e-16,3,3,36,6.2,-2.41011e-17,3.07856e-17,1,4124,-1.4803e-18,2
1,1,38,60,12,1,1,2,1,2,1,1,1,1,1.46179e-16,1,4,44,65,3,2,3,2209,-1.4803e-18,2
2,1,38,42,12,3,9.84398e-17,3,1,1,1,1,1.55431e-17,1.64313e-16,1.46179e-16,3.25665e-16,1,37,5.8,-2.41011e-17,3.07856e-17,1,3111,-1.4803e-18,2
2,1,37.6,88,36,3,1,1,1,3,3,2,1,3,1.5,3.25665e-16,3.4787e-17,44,6,-2.41011e-17,3.07856e-17,2,2112,-1.4803e-18,2
